REGION,PREFECTURE,SOUS-PREFECTURE,NOMS_STRUCTURE_1,TYPES_STRU,LAT_S,LONG_S,ALT_S
Conakry 2,Conakry       21,Ratoma   5,Flamboyant,CMC,9.62090,-13.60001,62
Conakry 2,Conakry       21,Ratoma   5,Simbaya,CM,9.61524,-13.61201,102
Conakry 2,Conakry       21,Ratoma   5,Simbaya Gare,CSU,9.61537,-13.61375,100
Conakry 2,Conakry       21,Ratoma   5,Centre Mere -Enfant,CM,9.60230,-13.64042,67
Conakry 2,Conakry       21,Ratoma   5,Yattaya,Asso CS,9.67067,-10.58892,24
Conakry 2,Conakry       21,Ratoma   5,Yattaya,Asso CS,9.65670,-13.57472,93
Conakry 2,Conakry       21,Ratoma   5,Cab.Med Chirurg.,Cab. Med. Prv ,9.65397,-13.58125,93
Conakry 2,Conakry       21,Ratoma   5,Cabinet Medicalxx,Cab. Med. Prv ,9.66534,-13.59245,18
Conakry 2,Conakry       21,Ratoma   5,Clinique Med. Eau Vive,Clinique,9.66219,-13.59172,32
Conakry 2,Conakry       21,Ratoma   5,Polyclinique Dogomet, Polyclinique,9.60768,-13.61868,86
Conakry 2,Conakry       21,Ratoma   5,Sapromeg Centre Med.,CM,9.57815,-13.63596,79
Conakry 2,Conakry       21,Ratoma   5,Yougoutoh CMS,CM,9.57178,-13.64179,74
Conakry 2,Conakry       21,Ratoma   5,Balkan Centre Med.,CM,9.56945,-13.64542,65
Conakry 2,Conakry       21,Ratoma   5,JinRiamo,Cabinet Soins,9.58667,-13.63266,120
Conakry 2,Conakry       21,Ratoma   5,Bambeto Carad,CSP,9.58813,-13.63453,105
Conakry 2,Conakry       21,Ratoma   5,La Grace Cab. Med.,Cab. Med. Prv ,9.65197,-13.60242,18
Conakry 2,Conakry       21,Ratoma   5,Centre Sante xx,CS,9.64775,-13.58715,78
Conakry 2,Conakry       21,Ratoma   5,Clinique Med. Social,CMS,9.66085,-13.59587,30
Conakry 2,Conakry       21,Ratoma   5,Zouavhe Yakpa,Clinique ,9.64914,-13.58447,104
Conakry 2,Conakry       21,Ratoma   5,Clinique M.Dore,Clinique ,9.63736,-13.58241,125
Conakry 2,Conakry       21,Ratoma   5,Wanindara,CS,9.63511,-13.58584,129
Conakry 2,Conakry       21,Ratoma   5,Koloma,CS,9.59808,-13.62498,317
Conakry 2,Conakry       21,Ratoma   5,Koloma II,CMS,9.59075,-13.61523,121
Conakry 2,Conakry       21,Ratoma   5,Loua CS,CSP,9.59324,-13.61613,120
Conakry 2,Conakry       21,Ratoma   5,Nassouroullaye,CMS,9.59637,-13.61439,129
Conakry 2,Conakry       21,Ratoma   5,Amira CM,CM,9.59955,-13.61398,103
Conakry 2,Conakry       21,Ratoma   5,Esperance Sante,CM,9.60885,-13.64529,33
Conakry 2,Conakry       21,Ratoma   5,Yembeya,CMC,9.62325,-13.61210,66
Conakry 2,Conakry       21,Ratoma   5,Sonfonia Centre I,CS,9.67981,-13.57189,26
Conakry 2,Conakry       21,Ratoma   5,Cabinet Soins Privé,CSP,9.68108,-13.57732,21
Conakry 2,Conakry       21,Ratoma   5,CS xx,CS xx,9.67471,-13.56783,43
Conakry 2,Conakry       21,Ratoma   5,Wanidara  III,CMS,9.63287,-13.59053,131
Conakry 2,Conakry       21,Ratoma   5,Samaritine,Clinique ,9.63804,-13.58639,131
Conakry 2,Conakry       21,Ratoma   5,Centre Medical xx,CM,9.64182,-13.58689,112
Conakry 2,Conakry       21,Ratoma   5,Santé Pour Tous,CM,9.64180,-13.58558,109
Conakry 2,Conakry       21,Ratoma   5,PolyClinique,PolyClinique,9.63663,-13.58979,125
Conakry 2,Conakry       21,Ratoma   5,Port Route Sect Rail,Cab. Med. Prv ,9.63488,-13.59021,129
Conakry 2,Conakry       21,Ratoma   5,Associatif,Asso CS,9.63914,-13.58978,122
Conakry 2,Conakry       21,Ratoma   5,Medecine Tropical,Cab. Med. Prv ,9.63996,-13.58807,122
Conakry 2,Conakry       21,Ratoma   5,Ratoma,CMC,9.58369,-13.65883,28
Conakry 2,Conakry       21,Ratoma   5,Soumanbossia,Clinique,9.62531,-13.60331,93
Conakry 2,Conakry       21,Ratoma   5,Iba DAllah,Clinique,9.62399,-13.59745,105
Conakry 2,Conakry       21,Ratoma   5,ES Martin Hafia I,ESP ,9.67967,-13.55386,103
Conakry 2,Conakry       21,Ratoma   5,Iffono Hafia I,CM,9.67387,-13.54540,137
Conakry 2,Conakry       21,Ratoma   5,Mere et Enfant,CMPME,9.67665,-13.54345,126
Conakry 2,Conakry       21,Ratoma   5,Kalima Secteur3, CSP,9.66230,-13.56623,79
Conakry 2,Conakry       21,Ratoma   5,La Pitie ,Ong ,9.66978,-13.55841,86
Conakry 2,Conakry       21,Ratoma   5,Les Chesubans ,CM,9.66594,-13.56065,98
Conakry 2,Conakry       21,Ratoma   5,Ong Cm DD,Ong ,9.58105,-13.66223,32
Conakry 2,Conakry       21,Ratoma   5,Labomed-CQ,Clinique ,9.62450,-13.59514,107
Conakry 2,Conakry       21,Ratoma   5,Cherif CP,Clinique,9.62534,-13.59624,114
Conakry 2,Conakry       21,Ratoma   5,Ong Amid,Ong ,9.63041,-13.59506,118
Conakry 2,Conakry       21,Ratoma   5,Anastasis Wanidara,Asso CS,9.63015,-13.59350,120
Conakry 2,Conakry       21,Matoto    4,CM Secteur 10,CM,9.62245,-13.58967,85
Conakry 2,Conakry       21,Matoto    4,Vokpo Heury Lamah ,Clinique,9.61969,-13.58666,52
Conakry 2,Conakry       21,Matoto    4,Centre Medical xx,CM,9.63210,-13.58152,89
Conakry 2,Conakry       21,Matoto    4,Guinee Solidarite Med.,Clinique ,9.59181,-13.60838,62
Conakry 2,Conakry       21,Matoto    4,Yimbaya Permance,Clinique,9.59140,-13.60718,46
Conakry 2,Conakry       21,Matoto    4,Marcel CM,CM,9.59028,-13.60674,38
Conakry 2,Conakry       21,Matoto    4,Cab. Medical DC,Cab. Med. Prv ,9.63164,-13.57558,56
Conakry 2,Conakry       21,Matoto    4,Clinique DKB,Ong ,9.63310,-13.57710,71
Conakry 2,Conakry       21,Matoto    4,Clinique Arabe EMD,Ong ,9.62567,-13.58188,55
Conakry 2,Conakry       21,Matoto    4,Ong Afd Medical,Ong ,9.63210,-13.58152,89
Conakry 2,Conakry       21,Matoto    4,Marc Genbilini,CM,9.63012,-13.58145,89
Conakry 2,Conakry       21,Matoto    4, Medical Lanaya,Cab. Med. Prv ,9.58034,-13.61515,41
Conakry 2,Conakry       21,Matoto    4, Medical Ste Marie,Cab. Med. Prv ,9.58057,-13.61824,62
Conakry 2,Conakry       21,Matoto    4,Ong Ameds Gui,Ong ,9.58174,-13.61724,58
Conakry 2,Conakry       21,Matoto    4, Soins Primaire Toure,Cab. Med. Prv ,9.58244,-13.61842,62
Conakry 2,Conakry       21,Matoto    4,Gbessia CI,Clinique,9.57970,-13.62255,68
Conakry 2,Conakry       21,Matoto    4,Poly Clinique Gbessia,PolyClinique,9.57959,-13.62274,69
Conakry 2,Conakry       21,Matoto    4,Mission Alpha,Ong ,9.57831,-13.61843,48
Conakry 2,Conakry       21,Matoto    4,Saint Gabriel,Ong ,9.61370,-13.58930,33
Conakry 2,Conakry       21,Matoto    4, Cab. SoinS DA,Cab. Med. Prv ,9.56908,-13.63578,54
Conakry 2,Conakry       21,Matoto    4, Medical T2,Cab. Med. Prv ,9.56906,-13.63582,52
Conakry 2,Conakry       21,Matoto    4,Nelson Mandela,Clinique,9.60809,-13.59883,45
Conakry 2,Conakry       21,Matoto    4,Ong Ameg,CM,9.60867,-13.59774,40
Conakry 2,Conakry       21,Matoto    4,Adep Seg,CM,9.60447,-13.60593,78
Conakry 2,Conakry       21,Matoto    4,Clinique Neurologique,Clinique,9.61439,-13.60608,102
Conakry 2,Conakry       21,Matoto    4, Medical Emanuel,Cab. Med. Prv ,9.60131,-13.59938,38
Conakry 2,Conakry       21,Matoto    4, Medical Berceau,Cab. Med. Prv ,9.60130,-13.59938,38
Conakry 2,Conakry       21,Matoto    4, Medical Aune Cp,Cab. Med. Prv ,9.60368,-13.60077,40
Conakry 2,Conakry       21,Matoto    4,Morogentilirie,Clinique,9.59654,-13.60339,35
Conakry 2,Conakry       21,Matoto    4, Medical Dr Marie Helene Kolivogu,Cab. Med. Prv ,9.59703,-13.60342,40
Conakry 2,Conakry       21,Matoto    4,Bernay Fotoba,Asso CS,9.60049,-13.60474,45
Conakry 2,Conakry       21,Matoto    4,Marouana,CM,9.60051,-13.60823,78
Conakry 2,Conakry       21,Matoto    4,Ophtalmogique ,Cab. Med. Prv ,9.59825,-13.59876,27
Conakry 2,Conakry       21,Matoto    4,Nouvelle Clinique Gbesia,Clinique,9.57274,-13.62620,45
Conakry 2,Conakry       21,Matoto    4, Soins Saint Andre,Cab. Med. Prv ,9.57011,-13.62984,39
Conakry 2,Conakry       21,Matoto    4,Ong Amie Es,Ong ,9.57176,-13.63076,45
Conakry 2,Conakry       21,Matoto    4,Ong Groupe Associatif,Ong ,9.57234,-13.63081,51
Conakry 2,Conakry       21,Matoto    4,Ong  Soins,Ong ,9.57437,-13.63163,59
Conakry 2,Conakry       21,Matoto    4,Clinique Medico Sociale,Clinique,9.56911,-13.63507,47
Conakry 2,Conakry       21,Matoto    4,Tombolia,CS,9.64608,-13.55508,31
Conakry 2,Conakry       21,Matoto    4,Marthyrs Plus,Clinique,9.65130,-13.54804,27
Conakry 2,Conakry       21,Matoto    4,Dapompa,CS,9.65647,-13.53479,23
Conakry 2,Conakry       21,Matoto    4,Clinique Privee DO,Clinique,9.57048,-13.62701,85
Conakry 2,Conakry       21,Matoto    4,Clinique Privee DL,Clinique,9.58173,-13.62423,85
Conakry 2,Conakry       21,Matoto    4,Yimbaya Ecole,CS,9.59180,-13.60299,36
Conakry 2,Conakry       21,Matoto    4,Clinique Dr Conde,Clinique,9.59074,-13.60317,47
Conakry 2,Conakry       21,Matoto    4,Clinique Dr Francois,Clinique,9.59074,-13.59876,17
Conakry 2,Conakry       21,Matoto    4,Sante Vers Tous,Ong ,9.59181,-13.60838,62
Conakry 2,Conakry       21,Matoto    4,Tanene Mosquee,CS,9.58331,-13.61242,50
Conakry 2,Conakry       21,Matoto    4,Fatou Camara,CM,9.56796,-13.64210,45
Conakry 2,Conakry       21,Matoto    4, Medical Mariame,Cab. Med. Prv ,9.56640,-13.64495,55
Conakry 2,Conakry       21,Matoto    4,Cab. Soins M'M.S,Cabinet Soins,9.59500,-13.61000,62
Conakry 2,Conakry       21,Matoto    4, Soins Amsong,Cab. Med. Prv ,9.56750,-13.64515,57
Conakry 2,Conakry       21,Matoto    4, Gbesia Port II,PS,9.56991,-13.61364,0
Conakry 2,Conakry       21,Matoto    4,Goderich 3,Clinique,9.57570,-13.63716,79
Conakry 2,Conakry       21,Matoto    4,Dar-Es Salam I,Ong ,9.57825,-13.63124,73
Conakry 2,Conakry       21,Matoto    4, Medicale Prive ,Cab. Med. Prv ,9.57557,-13.63353,72
Conakry 2,Conakry       21,Matoto    4, Medical Gbessia Ecole,Cab. Med. Prv ,9.57437,-13.63163,59
Conakry 2,Conakry       21,Matoto    4, Medical Dabondy I,Cab. Med. Prv ,9.56392,-13.63642,23
Conakry 2,Conakry       21,Matoto    4,Dabondy I,Clinique,9.56450,-13.63542,28
Conakry 2,Conakry       21,Matoto    4,Massaran Clinique ,Clinique,9.56387,-13.63659,21
Conakry 2,Conakry       21,Matoto    4,Gbessia Port I,CS,9.56104,-13.62710,22
Conakry 2,Conakry       21,Matoto    4,Zowolie Yakpo ,Clinique,9.56587,-13.62928,26
Conakry 2,Conakry       21,Matoto    4,Matoto,CM,9.62600,-13.57000,66
Conakry 2,Conakry       21,Matoto    4,Matoto,CS,9.61190,-13.59358,41
Conakry 2,Conakry       21,Matoto    4,Dispenssaire Cbk ,DCBK,9.61536,-13.60398,94
Conakry 2,Conakry       21,Matoto    4,Cite Cbk,CMCP,9.61433,-13.60161,72
Conakry 2,Conakry       21,Matoto    4,Cabinet DSB,CM,9.61065,-13.59785,50
Conakry 2,Conakry       21,Matoto    4,Sante Dabord,CM,9.56200,-13.63700,34
Conakry 2,Conakry       21,Matoto    4,Cab. Soins Primaires,CSP,9.56500,-13.64000,42
Conakry 2,Conakry       21,Matoto    4,Medicale EDC,CM,9.56600,-13.63200,36
Conakry 2,Conakry       21,Matoto    4,Jebagui Sida,Ong ,9.56400,-13.64000,35
Conakry 2,Conakry       21,Matoto    4,Cabinet Soins,CSM,9.56400,-13.62900,31
Conakry 2,Conakry       21,Matoto    4,Cab. Medicale Decide,CM,9.56000,-13.63000,33
Conakry 2,Conakry       21,Matoto    4,Lansanaya,CM,9.67533,-13.53065,104
Conakry 2,Conakry       21,Matoto    4,Clinique HMS,CM,9.64866,-13.57148,64
Conakry 2,Conakry       21,Matoto    4,Afad Medicale,Ong ,9.63234,-13.57416,45
Conakry 2,Conakry       21,Matoto    4,Kissosso,Ong ,9.63714,-13.57211,67
Conakry 2,Conakry       21,Matoto    4, Survie Enfance,Asso CS,9.65767,-13.53986,42
Conakry 2,Conakry       21,Matoto    4,Dabompa Plateau,Clinique,9.66286,-13.54670,88
Conakry 2,Conakry       21,Matoto    4,Asso. Appel Islamique,Ong ,9.63157,-13.57112,29
Conakry 2,Conakry       21,Matoto    4,Camp Alpha Yaya,Infir.,9.58815,-12.61434,93
Conakry 2,Conakry       21,Matoto    4, Soins Genico Chirurgie,Cab. Med. Prv ,9.65672,-13.55602,104
Conakry 2,Conakry       21,Matoto    4, Medico Social Charite,Cab. Med. Prv ,9.60660,-13.60946,99
Conakry 2,Conakry       21,Matoto    4, Medical Saint Louis,Cab. Med. Prv ,9.60952,-13.60874,101
Conakry 2,Conakry       21,Matoto    4, Medicale Dentec Cosa,Cab. Med. Prv ,9.60750,-13.60981,101
Conakry 2,Conakry       21,Matam     3,Clinique Bel Air,Clinique,9.55261,-10.64914,26
Conakry 2,Conakry       21,Matam     3, Prive Dr Marcel Leno,Cab. Med. Prv ,9.55240,-13.64668,21
Conakry 2,Conakry       21,Matam     3,Kerfala Kepine B.,Cabinet Soins,9.55230,-13.64726,21
Conakry 2,Conakry       21,Matam     3, Prive Dr Moriba,Cab. Med. Prv ,9.55199,-13.64504,25
Conakry 2,Conakry       21,Matam     3,Clinique HKY,Clinique,9.55197,-13.64573,21
Conakry 2,Conakry       21,Matam     3,Kalima,CS,9.53796,-13.66864,16
Conakry 2,Conakry       21,Matam     3, Medico Social Mafanco,Cab. Med. Prv ,9.54093,-13.66983,23
Conakry 2,Conakry       21,Matam     3, Medical Dr Cellou Cariere Cite,Cab. Med. Prv ,9.56324,-13.64822,50
Conakry 2,Conakry       21,Matam     3, Soins Cariere Cite Pres Pa,Cab. Med. Prv ,9.56437,-13.64904,56
Conakry 2,Conakry       21,Matam     3,Fmg,Ong ,9.56023,-13.65040,40
Conakry 2,Conakry       21,Matam     3,Centre Anti Tbc,CTA,9.55658,-13.65105,34
Conakry 2,Conakry       21,Matam     3,Dispensaire Madina,DISP,9.54013,-13.66588,16
Conakry 2,Conakry       21,Matam     3,Clinique HCA,Clinique,9.53924,-13.66529,0
Conakry 2,Conakry       21,Matam     3,Poly Clinique Chinoise,Clinique,9.54156,-13.67511,17
Conakry 2,Conakry       21,Matam     3,Boussoura Port,Clinique,9.54413,-13.66040,11
Conakry 2,Conakry       21,Matam     3,Centre Nutition Fasna,Ong ,9.55587,-13.63899,16
Conakry 2,Conakry       21,Matam     3,Nbc Bonfi,CM,9.55478,-13.63897,12
Conakry 2,Conakry       21,Matam     3,Dispensaire Port,DISP,9.55627,-13.63723,13
Conakry 2,Conakry       21,Matam     3,Cmc Coleah,CMC,9.53497,-13.67840,13
Conakry 2,Conakry       21,Matam     3,Asso. Techn. et Proth.,Asso CS,9.53112,-13.67883,21
Conakry 2,Conakry       21,Matam     3,La Douane CMS ,CM,9.52536,-13.68374,17
Conakry 2,Conakry       21,Matam     3, Dentaire,Cab. Med. Prv ,9.52680,-13.68410,16
Conakry 2,Conakry       21,Matam     3,Clinique DK,Clinique,9.55849,-13.64654,12
Conakry 2,Conakry       21,Matam     3,Clinique DMC,Clinique,9.55739,-13.64675,9
Conakry 2,Conakry       21,Matam     3, Hadja Guinet Manguee,Cab. Med. Prv ,9.55646,-13.64551,7
Conakry 2,Conakry       21,Matam     3,Sainte Trinite Coleah,Disp.,9.53338,-13.67551,23
Conakry 2,Conakry       21,Matam     3,Cmc Matam,CMC,9.55254,-13.65125,28
Conakry 2,Conakry       21,Matam     3,Medicine Travail,Med. Trav.,9.55616,-13.65036,27
Conakry 2,Conakry       21,Matam     3,Assistance Medical Ga,Ong ,9.55784,-13.64485,25
Conakry 2,Conakry       21,Matam     3,Clinique Saa (Ajam),Clinique,9.54411,-13.66350,33
Conakry 2,Conakry       21,Matam     3,Ong Clinique Cms,Ong ,9.54390,-13.66143,19
Conakry 2,Conakry       21,Matam     3,Clinique Chinoise MC,CM,9.55944,-13.64191,18
Conakry 2,Conakry       21,Matam     3,Afri Clinik CMC,CM,9.56177,-13.64087,10
Conakry 2,Conakry       21,Matam     3,Cabinet Soins DKS,Cabinet Soins,9.56111,-13.63983,16
Conakry 2,Conakry       21,Matam     3,Bonfi Marche,CMCP,9.55991,-13.63965,21
Conakry 2,Conakry       21,Matam     3,Pernany CM,CM,9.54781,-13.65746,0
Conakry 2,Conakry       21,Kaloum    2,Chu Ignace Deen,HN,9.50722,-13.70472,23
Conakry 2,Conakry       21,Kaloum    2,Port Anti-TBC C.A.T ,CAT,9.51603,-13.71374,16
Conakry 2,Conakry       21,Kaloum    2,Camp Samory,Infir.,9.51371,-13.69959,16
Conakry 2,Conakry       21,Kaloum    2,Chu Ignace Deen,HN,9.50836,-13.70500,3
Conakry 2,Conakry       21,Kaloum    2,Koulewondy,CS,9.50870,-13.70486,18
Conakry 2,Conakry       21,Kaloum    2,Toussaint,Disp.,9.50753,-13.71061,27
Conakry 2,Conakry       21,Kaloum    2,Nikolaen Alumina Plant,CM,9.50829,-13.71160,22
Conakry 2,Conakry       21,Kaloum    2, Tamara,PS,9.47029,-13.83094,22
Conakry 2,Conakry       21,Kaloum    2, Fotoba,PS,9.50551,-13.80269,37
Conakry 2,Conakry       21,Kaloum    2,Kassa,CS,9.47441,-13.74921,33
Conakry 2,Conakry       21,Kaloum    2,Coronthie,CS,9.51733,-13.70206,13
Conakry 2,Conakry       21,Kaloum    2,Edg Electricite Guinee,Infir.,9.51845,-13.70260,19
Conakry 2,Conakry       21,Kaloum    2,Boulbinet,CS,9.50755,-13.71574,25
Conakry 2,Conakry       21,Dixinn      1,Clinique Anbroise Pareé,Clinique,9.52918,-13.69009,23
Conakry 2,Conakry       21,Dixinn      1,Chu Donka,HN,9.53504,-13.68361,15
Conakry 2,Conakry       21,Dixinn      1, Maciré,CS,9.54961,-13.66594,25
Conakry 2,Conakry       21,Dixinn      1, Medical Kamelia,Cab. Med. Prv ,9.55479,-13.66212,18
Conakry 2,Conakry       21,Dixinn      1,M.P.T,CM,9.55552,-13.66313,28
Conakry 2,Conakry       21,Dixinn      1,Carréfour Celibataire,CM,9.55722,-13.66212,32
Conakry 2,Conakry       21,Dixinn      1,Charles S. CM,CM,9.55798,-13.66408,28
Conakry 2,Conakry       21,Dixinn      1,Cmc Miniere,CMC,9.56584,-13.65925,25
Conakry 2,Conakry       21,Dixinn      1,Miniere,CM,9.56810,-13.66039,36
Conakry 2,Conakry       21,Dixinn      1,Hafia I,CS,9.56247,-13.65869,34
Conakry 2,Conakry       21,Dixinn      1, Soins,Cab. Med. Prv ,9.55990,-13.65768,27
Conakry 2,Conakry       21,Dixinn      1,Fraternite Medicale Gui.,Ong ,9.56976,-13.65143,51
Kindia    5,Coyah     51,3,Bonsamaritin,,9.73347,-13.43495,101
Kindia    5,Coyah     51,3,Manéah,,9.71936,-13.41129,21
Kindia    5,Coyah     51,3,Clinique Sanoyah,,9.70541,-13.49985,61
Kindia    5,Coyah     51,3,NClMC,,9.67750,-13.51180,34
Kindia    5,Coyah     51,3,CM Kountia,,9.67183,-13.52081,51
Kindia    5,Coyah     51,2,Kouria,,9.77817,-13.34517,171
Kindia    5,Coyah     51,1,Fily II,,9.71072,-13.37935,30
Kindia    5,Coyah     51,1,Communautaire,,9.70834,-13.38723,43
Kindia    5,Coyah     51,1,Doumbouyah,,9.69251,-13.38352,38
Kindia    5,Coyah     51,1,Hp Coyah,,9.70709,-13.39239,23
Kindia    5,Coyah     51,4,Wonki-Fong,,9.65896,-13.38182,26
Kindia    5,Dubréka     52,7,Tondon,,10.36814,-13.35554,120
Kindia    5,Dubréka     52,6,Tanene A,,10.07573,-13.70185,47
Kindia    5,Dubréka     52,6,Cmc Kondeya,,9.98402,-13.71907,48
Kindia    5,Dubréka     52,6, Kondeya,,9.98421,-13.71910,66
Kindia    5,Dubréka     52,5, Oussou,,10.03392,-13.63710,53
Kindia    5,Dubréka     52,4,Khorira,,9.88174,-13.49216,27
Kindia    5,Dubréka     52,3,Falessade,,10.13638,-13.30209,123
Kindia    5,Dubréka     52,2,Dubreka,,9.79054,-13.51854,49
Kindia    5,Dubréka     52,2,Neco,,9.67615,-13.54060,116
Kindia    5,Dubréka     52,2,Missira Interfaith,,9.68138,-13.53558,147
Kindia    5,Dubréka     52,2,Hopital Dubreka,,9.79058,-13.52612,26
Kindia    5,Dubréka     52,2,Centre Deydey,,9.68003,-13.52699,131
Kindia    5,Dubréka     52,2,Centre Sante,,9.68593,-13.52210,118
Kindia    5,Dubréka     52,2,Salam,,9.68340,-13.52954,129
Kindia    5,Dubréka     52,2,Associatif Nabaya,,9.69151,-13.53201,126
Kindia    5,Dubréka     52,1,Badi,,10.27915,-13.41879,84
