"","adm1","adm2","month","year","conf"
"1","Conakry","Dixinn",1,2018,1060
"2","Conakry","Dixinn",1,2019,391
"3","Conakry","Dixinn",1,2020,896
"4","Conakry","Dixinn",1,2021,1300
"5","Conakry","Dixinn",1,2022,1058
"6","Conakry","Dixinn",2,2018,411
"7","Conakry","Dixinn",2,2019,351
"8","Conakry","Dixinn",2,2020,684
"9","Conakry","Dixinn",2,2021,736
"10","Conakry","Dixinn",2,2022,827
"11","Conakry","Dixinn",3,2018,302
"12","Conakry","Dixinn",3,2019,410
"13","Conakry","Dixinn",3,2020,908
"14","Conakry","Dixinn",3,2021,713
"15","Conakry","Dixinn",3,2022,883
"16","Conakry","Dixinn",4,2018,421
"17","Conakry","Dixinn",4,2019,324
"18","Conakry","Dixinn",4,2020,203
"19","Conakry","Dixinn",4,2021,336
"20","Conakry","Dixinn",4,2022,957
"21","Conakry","Dixinn",5,2018,636
"22","Conakry","Dixinn",5,2019,437
"23","Conakry","Dixinn",5,2020,387
"24","Conakry","Dixinn",5,2021,537
"25","Conakry","Dixinn",5,2022,856
"26","Conakry","Dixinn",6,2018,746
"27","Conakry","Dixinn",6,2019,362
"28","Conakry","Dixinn",6,2020,762
"29","Conakry","Dixinn",6,2021,1094
"30","Conakry","Dixinn",6,2022,1086
"31","Conakry","Dixinn",7,2018,711
"32","Conakry","Dixinn",7,2019,365
"33","Conakry","Dixinn",7,2020,881
"34","Conakry","Dixinn",7,2021,1373
"35","Conakry","Dixinn",7,2022,1254
"36","Conakry","Dixinn",8,2018,467
"37","Conakry","Dixinn",8,2019,1431
"38","Conakry","Dixinn",8,2020,1302
"39","Conakry","Dixinn",8,2021,1922
"40","Conakry","Dixinn",8,2022,1979
"41","Conakry","Dixinn",9,2018,1064
"42","Conakry","Dixinn",9,2019,1673
"43","Conakry","Dixinn",9,2020,1384
"44","Conakry","Dixinn",9,2021,1650
"45","Conakry","Dixinn",9,2022,2136
"46","Conakry","Dixinn",10,2018,1068
"47","Conakry","Dixinn",10,2019,1368
"48","Conakry","Dixinn",10,2020,1047
"49","Conakry","Dixinn",10,2021,1579
"50","Conakry","Dixinn",10,2022,1315
"51","Conakry","Dixinn",11,2018,675
"52","Conakry","Dixinn",11,2019,1330
"53","Conakry","Dixinn",11,2020,1331
"54","Conakry","Dixinn",11,2021,1579
"55","Conakry","Dixinn",11,2022,1265
"56","Conakry","Dixinn",12,2018,413
"57","Conakry","Dixinn",12,2019,989
"58","Conakry","Dixinn",12,2020,900
"59","Conakry","Dixinn",12,2021,1598
"60","Conakry","Dixinn",12,2022,989
"61","Conakry","Kaloum",1,2018,728
"62","Conakry","Kaloum",1,2019,774
"63","Conakry","Kaloum",1,2020,1506
"64","Conakry","Kaloum",1,2021,1843
"65","Conakry","Kaloum",1,2022,2396
"66","Conakry","Kaloum",2,2018,798
"67","Conakry","Kaloum",2,2019,696
"68","Conakry","Kaloum",2,2020,1395
"69","Conakry","Kaloum",2,2021,1764
"70","Conakry","Kaloum",2,2022,1739
"71","Conakry","Kaloum",3,2018,410
"72","Conakry","Kaloum",3,2019,848
"73","Conakry","Kaloum",3,2020,1190
"74","Conakry","Kaloum",3,2021,1454
"75","Conakry","Kaloum",3,2022,1713
"76","Conakry","Kaloum",4,2018,638
"77","Conakry","Kaloum",4,2019,671
"78","Conakry","Kaloum",4,2020,759
"79","Conakry","Kaloum",4,2021,1401
"80","Conakry","Kaloum",4,2022,1570
"81","Conakry","Kaloum",5,2018,679
"82","Conakry","Kaloum",5,2019,802
"83","Conakry","Kaloum",5,2020,722
"84","Conakry","Kaloum",5,2021,2065
"85","Conakry","Kaloum",5,2022,1687
"86","Conakry","Kaloum",6,2018,1163
"87","Conakry","Kaloum",6,2019,902
"88","Conakry","Kaloum",6,2020,1069
"89","Conakry","Kaloum",6,2021,1430
"90","Conakry","Kaloum",6,2022,2136
"91","Conakry","Kaloum",7,2018,2205
"92","Conakry","Kaloum",7,2019,1396
"93","Conakry","Kaloum",7,2020,1615
"94","Conakry","Kaloum",7,2021,2232
"95","Conakry","Kaloum",7,2022,2790
"96","Conakry","Kaloum",8,2018,2166
"97","Conakry","Kaloum",8,2019,2619
"98","Conakry","Kaloum",8,2020,2216
"99","Conakry","Kaloum",8,2021,3447
"100","Conakry","Kaloum",8,2022,3958
"101","Conakry","Kaloum",9,2018,2193
"102","Conakry","Kaloum",9,2019,2762
"103","Conakry","Kaloum",9,2020,2249
"104","Conakry","Kaloum",9,2021,3291
"105","Conakry","Kaloum",9,2022,3648
"106","Conakry","Kaloum",10,2018,1240
"107","Conakry","Kaloum",10,2019,2346
"108","Conakry","Kaloum",10,2020,2619
"109","Conakry","Kaloum",10,2021,2624
"110","Conakry","Kaloum",10,2022,3462
"111","Conakry","Kaloum",11,2018,1439
"112","Conakry","Kaloum",11,2019,2513
"113","Conakry","Kaloum",11,2020,2315
"114","Conakry","Kaloum",11,2021,2681
"115","Conakry","Kaloum",11,2022,1446
"116","Conakry","Kaloum",12,2018,1357
"117","Conakry","Kaloum",12,2019,1876
"118","Conakry","Kaloum",12,2020,1878
"119","Conakry","Kaloum",12,2021,2690
"120","Conakry","Kaloum",12,2022,3653
"121","Conakry","Matam",1,2018,254
"122","Conakry","Matam",1,2019,203
"123","Conakry","Matam",1,2020,565
"124","Conakry","Matam",1,2021,768
"125","Conakry","Matam",1,2022,739
"126","Conakry","Matam",2,2018,132
"127","Conakry","Matam",2,2019,161
"128","Conakry","Matam",2,2020,401
"129","Conakry","Matam",2,2021,601
"130","Conakry","Matam",2,2022,607
"131","Conakry","Matam",3,2018,140
"132","Conakry","Matam",3,2019,155
"133","Conakry","Matam",3,2020,344
"134","Conakry","Matam",3,2021,476
"135","Conakry","Matam",3,2022,763
"136","Conakry","Matam",4,2018,149
"137","Conakry","Matam",4,2019,121
"138","Conakry","Matam",4,2020,419
"139","Conakry","Matam",4,2021,493
"140","Conakry","Matam",4,2022,690
"141","Conakry","Matam",5,2018,129
"142","Conakry","Matam",5,2019,366
"143","Conakry","Matam",5,2020,343
"144","Conakry","Matam",5,2021,411
"145","Conakry","Matam",5,2022,493
"146","Conakry","Matam",6,2018,156
"147","Conakry","Matam",6,2019,192
"148","Conakry","Matam",6,2020,443
"149","Conakry","Matam",6,2021,650
"150","Conakry","Matam",6,2022,465
"151","Conakry","Matam",7,2018,353
"152","Conakry","Matam",7,2019,457
"153","Conakry","Matam",7,2020,631
"154","Conakry","Matam",7,2021,938
"155","Conakry","Matam",7,2022,942
"156","Conakry","Matam",8,2018,452
"157","Conakry","Matam",8,2019,821
"158","Conakry","Matam",8,2020,1070
"159","Conakry","Matam",8,2021,1334
"160","Conakry","Matam",8,2022,1396
"161","Conakry","Matam",9,2018,503
"162","Conakry","Matam",9,2019,1051
"163","Conakry","Matam",9,2020,1128
"164","Conakry","Matam",9,2021,1124
"165","Conakry","Matam",9,2022,1623
"166","Conakry","Matam",10,2018,526
"167","Conakry","Matam",10,2019,872
"168","Conakry","Matam",10,2020,913
"169","Conakry","Matam",10,2021,1166
"170","Conakry","Matam",10,2022,1263
"171","Conakry","Matam",11,2018,556
"172","Conakry","Matam",11,2019,1104
"173","Conakry","Matam",11,2020,932
"174","Conakry","Matam",11,2021,1326
"175","Conakry","Matam",11,2022,1239
"176","Conakry","Matam",12,2018,292
"177","Conakry","Matam",12,2019,788
"178","Conakry","Matam",12,2020,856
"179","Conakry","Matam",12,2021,1040
"180","Conakry","Matam",12,2022,1266
"181","Conakry","Matoto",1,2018,1575
"182","Conakry","Matoto",1,2019,2119
"183","Conakry","Matoto",1,2020,2521
"184","Conakry","Matoto",1,2021,4489
"185","Conakry","Matoto",1,2022,3638
"186","Conakry","Matoto",2,2018,1383
"187","Conakry","Matoto",2,2019,1376
"188","Conakry","Matoto",2,2020,2121
"189","Conakry","Matoto",2,2021,2492
"190","Conakry","Matoto",2,2022,2704
"191","Conakry","Matoto",3,2018,1193
"192","Conakry","Matoto",3,2019,1119
"193","Conakry","Matoto",3,2020,2202
"194","Conakry","Matoto",3,2021,2353
"195","Conakry","Matoto",3,2022,2152
"196","Conakry","Matoto",4,2018,1036
"197","Conakry","Matoto",4,2019,1009
"198","Conakry","Matoto",4,2020,1882
"199","Conakry","Matoto",4,2021,1921
"200","Conakry","Matoto",4,2022,1456
"201","Conakry","Matoto",5,2018,922
"202","Conakry","Matoto",5,2019,966
"203","Conakry","Matoto",5,2020,1681
"204","Conakry","Matoto",5,2021,1786
"205","Conakry","Matoto",5,2022,1663
"206","Conakry","Matoto",6,2018,1028
"207","Conakry","Matoto",6,2019,1350
"208","Conakry","Matoto",6,2020,2439
"209","Conakry","Matoto",6,2021,3397
"210","Conakry","Matoto",6,2022,3104
"211","Conakry","Matoto",7,2018,1974
"212","Conakry","Matoto",7,2019,2916
"213","Conakry","Matoto",7,2020,2770
"214","Conakry","Matoto",7,2021,3447
"215","Conakry","Matoto",7,2022,5274
"216","Conakry","Matoto",8,2018,2346
"217","Conakry","Matoto",8,2019,3749
"218","Conakry","Matoto",8,2020,4209
"219","Conakry","Matoto",8,2021,6328
"220","Conakry","Matoto",8,2022,7427
"221","Conakry","Matoto",9,2018,3017
"222","Conakry","Matoto",9,2019,3982
"223","Conakry","Matoto",9,2020,3537
"224","Conakry","Matoto",9,2021,5379
"225","Conakry","Matoto",9,2022,6409
"226","Conakry","Matoto",10,2018,2954
"227","Conakry","Matoto",10,2019,2701
"228","Conakry","Matoto",10,2020,2281
"229","Conakry","Matoto",10,2021,4292
"230","Conakry","Matoto",10,2022,5681
"231","Conakry","Matoto",11,2018,2650
"232","Conakry","Matoto",11,2019,3684
"233","Conakry","Matoto",11,2020,3539
"234","Conakry","Matoto",11,2021,5259
"235","Conakry","Matoto",11,2022,5417
"236","Conakry","Matoto",12,2018,2596
"237","Conakry","Matoto",12,2019,3163
"238","Conakry","Matoto",12,2020,4626
"239","Conakry","Matoto",12,2021,5238
"240","Conakry","Matoto",12,2022,5142
"241","Conakry","Ratoma",1,2018,2257
"242","Conakry","Ratoma",1,2019,1518
"243","Conakry","Ratoma",1,2020,2510
"244","Conakry","Ratoma",1,2021,4567
"245","Conakry","Ratoma",1,2022,4445
"246","Conakry","Ratoma",2,2018,1501
"247","Conakry","Ratoma",2,2019,1636
"248","Conakry","Ratoma",2,2020,1923
"249","Conakry","Ratoma",2,2021,2930
"250","Conakry","Ratoma",2,2022,3171
"251","Conakry","Ratoma",3,2018,1631
"252","Conakry","Ratoma",3,2019,1041
"253","Conakry","Ratoma",3,2020,1837
"254","Conakry","Ratoma",3,2021,2601
"255","Conakry","Ratoma",3,2022,2895
"256","Conakry","Ratoma",4,2018,1350
"257","Conakry","Ratoma",4,2019,967
"258","Conakry","Ratoma",4,2020,1412
"259","Conakry","Ratoma",4,2021,2340
"260","Conakry","Ratoma",4,2022,2336
"261","Conakry","Ratoma",5,2018,1301
"262","Conakry","Ratoma",5,2019,978
"263","Conakry","Ratoma",5,2020,1443
"264","Conakry","Ratoma",5,2021,2333
"265","Conakry","Ratoma",5,2022,2733
"266","Conakry","Ratoma",6,2018,1603
"267","Conakry","Ratoma",6,2019,1698
"268","Conakry","Ratoma",6,2020,2518
"269","Conakry","Ratoma",6,2021,3485
"270","Conakry","Ratoma",6,2022,3615
"271","Conakry","Ratoma",7,2018,2961
"272","Conakry","Ratoma",7,2019,3789
"273","Conakry","Ratoma",7,2020,4400
"274","Conakry","Ratoma",7,2021,5133
"275","Conakry","Ratoma",7,2022,5733
"276","Conakry","Ratoma",8,2018,3569
"277","Conakry","Ratoma",8,2019,5139
"278","Conakry","Ratoma",8,2020,5691
"279","Conakry","Ratoma",8,2021,7473
"280","Conakry","Ratoma",8,2022,8566
"281","Conakry","Ratoma",9,2018,3714
"282","Conakry","Ratoma",9,2019,6020
"283","Conakry","Ratoma",9,2020,4927
"284","Conakry","Ratoma",9,2021,5699
"285","Conakry","Ratoma",9,2022,6973
"286","Conakry","Ratoma",10,2018,4083
"287","Conakry","Ratoma",10,2019,4195
"288","Conakry","Ratoma",10,2020,3864
"289","Conakry","Ratoma",10,2021,4946
"290","Conakry","Ratoma",10,2022,6752
"291","Conakry","Ratoma",11,2018,3247
"292","Conakry","Ratoma",11,2019,5484
"293","Conakry","Ratoma",11,2020,4165
"294","Conakry","Ratoma",11,2021,6319
"295","Conakry","Ratoma",11,2022,6613
"296","Conakry","Ratoma",12,2018,3013
"297","Conakry","Ratoma",12,2019,4177
"298","Conakry","Ratoma",12,2020,4000
"299","Conakry","Ratoma",12,2021,7209
"300","Conakry","Ratoma",12,2022,6171
"301","Boke","Boffa",1,2018,2564
"302","Boke","Boffa",1,2019,2556
"303","Boke","Boffa",1,2020,2886
"304","Boke","Boffa",1,2021,3759
"305","Boke","Boffa",1,2022,5844
"306","Boke","Boffa",2,2018,1845
"307","Boke","Boffa",2,2019,1516
"308","Boke","Boffa",2,2020,2436
"309","Boke","Boffa",2,2021,3332
"310","Boke","Boffa",2,2022,4617
"311","Boke","Boffa",3,2018,1395
"312","Boke","Boffa",3,2019,1572
"313","Boke","Boffa",3,2020,2023
"314","Boke","Boffa",3,2021,3259
"315","Boke","Boffa",3,2022,3168
"316","Boke","Boffa",4,2018,1369
"317","Boke","Boffa",4,2019,1302
"318","Boke","Boffa",4,2020,1400
"319","Boke","Boffa",4,2021,2532
"320","Boke","Boffa",4,2022,2835
"321","Boke","Boffa",5,2018,1314
"322","Boke","Boffa",5,2019,1203
"323","Boke","Boffa",5,2020,2014
"324","Boke","Boffa",5,2021,2225
"325","Boke","Boffa",5,2022,3173
"326","Boke","Boffa",6,2018,1620
"327","Boke","Boffa",6,2019,1490
"328","Boke","Boffa",6,2020,2629
"329","Boke","Boffa",6,2021,3053
"330","Boke","Boffa",6,2022,5135
"331","Boke","Boffa",7,2018,3327
"332","Boke","Boffa",7,2019,3306
"333","Boke","Boffa",7,2020,4708
"334","Boke","Boffa",7,2021,6592
"335","Boke","Boffa",7,2022,8338
"336","Boke","Boffa",8,2018,4440
"337","Boke","Boffa",8,2019,5531
"338","Boke","Boffa",8,2020,5571
"339","Boke","Boffa",8,2021,7339
"340","Boke","Boffa",8,2022,12536
"341","Boke","Boffa",9,2018,4120
"342","Boke","Boffa",9,2019,5107
"343","Boke","Boffa",9,2020,6622
"344","Boke","Boffa",9,2021,7648
"345","Boke","Boffa",9,2022,11021
"346","Boke","Boffa",10,2018,4148
"347","Boke","Boffa",10,2019,3676
"348","Boke","Boffa",10,2020,4991
"349","Boke","Boffa",10,2021,5446
"350","Boke","Boffa",10,2022,8138
"351","Boke","Boffa",11,2018,3671
"352","Boke","Boffa",11,2019,4807
"353","Boke","Boffa",11,2020,5042
"354","Boke","Boffa",11,2021,5521
"355","Boke","Boffa",11,2022,7414
"356","Boke","Boffa",12,2018,3827
"357","Boke","Boffa",12,2019,4652
"358","Boke","Boffa",12,2020,5034
"359","Boke","Boffa",12,2021,6468
"360","Boke","Boffa",12,2022,6358
"361","Boke","Boke",1,2018,4486
"362","Boke","Boke",1,2019,6006
"363","Boke","Boke",1,2020,6685
"364","Boke","Boke",1,2021,7293
"365","Boke","Boke",1,2022,11758
"366","Boke","Boke",2,2018,3673
"367","Boke","Boke",2,2019,4632
"368","Boke","Boke",2,2020,6331
"369","Boke","Boke",2,2021,5880
"370","Boke","Boke",2,2022,8535
"371","Boke","Boke",3,2018,2841
"372","Boke","Boke",3,2019,4424
"373","Boke","Boke",3,2020,6473
"374","Boke","Boke",3,2021,5829
"375","Boke","Boke",3,2022,5655
"376","Boke","Boke",4,2018,3079
"377","Boke","Boke",4,2019,1616
"378","Boke","Boke",4,2020,4512
"379","Boke","Boke",4,2021,5040
"380","Boke","Boke",4,2022,4646
"381","Boke","Boke",5,2018,3024
"382","Boke","Boke",5,2019,2833
"383","Boke","Boke",5,2020,4620
"384","Boke","Boke",5,2021,4631
"385","Boke","Boke",5,2022,5986
"386","Boke","Boke",6,2018,4709
"387","Boke","Boke",6,2019,3748
"388","Boke","Boke",6,2020,5035
"389","Boke","Boke",6,2021,6037
"390","Boke","Boke",6,2022,8462
"391","Boke","Boke",7,2018,8324
"392","Boke","Boke",7,2019,9070
"393","Boke","Boke",7,2020,9789
"394","Boke","Boke",7,2021,13050
"395","Boke","Boke",7,2022,15708
"396","Boke","Boke",8,2018,8643
"397","Boke","Boke",8,2019,14847
"398","Boke","Boke",8,2020,12457
"399","Boke","Boke",8,2021,15131
"400","Boke","Boke",8,2022,21183
"401","Boke","Boke",9,2018,14002
"402","Boke","Boke",9,2019,16669
"403","Boke","Boke",9,2020,15381
"404","Boke","Boke",9,2021,16881
"405","Boke","Boke",9,2022,23141
"406","Boke","Boke",10,2018,9238
"407","Boke","Boke",10,2019,13054
"408","Boke","Boke",10,2020,11829
"409","Boke","Boke",10,2021,14628
"410","Boke","Boke",10,2022,24597
"411","Boke","Boke",11,2018,10655
"412","Boke","Boke",11,2019,16800
"413","Boke","Boke",11,2020,14517
"414","Boke","Boke",11,2021,16023
"415","Boke","Boke",11,2022,21740
"416","Boke","Boke",12,2018,3202
"417","Boke","Boke",12,2019,12242
"418","Boke","Boke",12,2020,12242
"419","Boke","Boke",12,2021,15188
"420","Boke","Boke",12,2022,14511
"421","Boke","Fria",1,2018,1415
"422","Boke","Fria",1,2019,1226
"423","Boke","Fria",1,2020,1553
"424","Boke","Fria",1,2021,1182
"425","Boke","Fria",1,2022,2817
"426","Boke","Fria",2,2018,840
"427","Boke","Fria",2,2019,1056
"428","Boke","Fria",2,2020,1043
"429","Boke","Fria",2,2021,923
"430","Boke","Fria",2,2022,1911
"431","Boke","Fria",3,2018,933
"432","Boke","Fria",3,2019,1243
"433","Boke","Fria",3,2020,982
"434","Boke","Fria",3,2021,863
"435","Boke","Fria",3,2022,1417
"436","Boke","Fria",4,2018,952
"437","Boke","Fria",4,2019,577
"438","Boke","Fria",4,2020,844
"439","Boke","Fria",4,2021,867
"440","Boke","Fria",4,2022,970
"441","Boke","Fria",5,2018,962
"442","Boke","Fria",5,2019,1051
"443","Boke","Fria",5,2020,1245
"444","Boke","Fria",5,2021,871
"445","Boke","Fria",5,2022,1689
"446","Boke","Fria",6,2018,1460
"447","Boke","Fria",6,2019,1606
"448","Boke","Fria",6,2020,2339
"449","Boke","Fria",6,2021,1588
"450","Boke","Fria",6,2022,4384
"451","Boke","Fria",7,2018,4049
"452","Boke","Fria",7,2019,3547
"453","Boke","Fria",7,2020,3225
"454","Boke","Fria",7,2021,2816
"455","Boke","Fria",7,2022,5445
"456","Boke","Fria",8,2018,4254
"457","Boke","Fria",8,2019,3790
"458","Boke","Fria",8,2020,3044
"459","Boke","Fria",8,2021,3765
"460","Boke","Fria",8,2022,6471
"461","Boke","Fria",9,2018,3001
"462","Boke","Fria",9,2019,2650
"463","Boke","Fria",9,2020,2805
"464","Boke","Fria",9,2021,2605
"465","Boke","Fria",9,2022,4917
"466","Boke","Fria",10,2018,2535
"467","Boke","Fria",10,2019,1969
"468","Boke","Fria",10,2020,1202
"469","Boke","Fria",10,2021,2026
"470","Boke","Fria",10,2022,3614
"471","Boke","Fria",11,2018,2356
"472","Boke","Fria",11,2019,2885
"473","Boke","Fria",11,2020,1801
"474","Boke","Fria",11,2021,1866
"475","Boke","Fria",11,2022,4277
"476","Boke","Fria",12,2018,1951
"477","Boke","Fria",12,2019,2394
"478","Boke","Fria",12,2020,2026
"479","Boke","Fria",12,2021,2761
"480","Boke","Fria",12,2022,3660
"481","Boke","Gaoual",1,2018,845
"482","Boke","Gaoual",1,2019,699
"483","Boke","Gaoual",1,2020,1035
"484","Boke","Gaoual",1,2021,803
"485","Boke","Gaoual",1,2022,1920
"486","Boke","Gaoual",2,2018,585
"487","Boke","Gaoual",2,2019,400
"488","Boke","Gaoual",2,2020,771
"489","Boke","Gaoual",2,2021,533
"490","Boke","Gaoual",2,2022,1642
"491","Boke","Gaoual",3,2018,352
"492","Boke","Gaoual",3,2019,500
"493","Boke","Gaoual",3,2020,655
"494","Boke","Gaoual",3,2021,422
"495","Boke","Gaoual",3,2022,1153
"496","Boke","Gaoual",4,2018,408
"497","Boke","Gaoual",4,2019,332
"498","Boke","Gaoual",4,2020,476
"499","Boke","Gaoual",4,2021,364
"500","Boke","Gaoual",4,2022,787
"501","Boke","Gaoual",5,2018,446
"502","Boke","Gaoual",5,2019,314
"503","Boke","Gaoual",5,2020,499
"504","Boke","Gaoual",5,2021,542
"505","Boke","Gaoual",5,2022,1358
"506","Boke","Gaoual",6,2018,665
"507","Boke","Gaoual",6,2019,593
"508","Boke","Gaoual",6,2020,1110
"509","Boke","Gaoual",6,2021,800
"510","Boke","Gaoual",6,2022,2190
"511","Boke","Gaoual",7,2018,3091
"512","Boke","Gaoual",7,2019,2499
"513","Boke","Gaoual",7,2020,3047
"514","Boke","Gaoual",7,2021,4253
"515","Boke","Gaoual",7,2022,5199
"516","Boke","Gaoual",8,2018,4080
"517","Boke","Gaoual",8,2019,3892
"518","Boke","Gaoual",8,2020,3828
"519","Boke","Gaoual",8,2021,5119
"520","Boke","Gaoual",8,2022,7551
"521","Boke","Gaoual",9,2018,2970
"522","Boke","Gaoual",9,2019,3062
"523","Boke","Gaoual",9,2020,2574
"524","Boke","Gaoual",9,2021,3463
"525","Boke","Gaoual",9,2022,5396
"526","Boke","Gaoual",10,2018,2615
"527","Boke","Gaoual",10,2019,3074
"528","Boke","Gaoual",10,2020,663
"529","Boke","Gaoual",10,2021,2271
"530","Boke","Gaoual",10,2022,4428
"531","Boke","Gaoual",11,2018,2522
"532","Boke","Gaoual",11,2019,3533
"533","Boke","Gaoual",11,2020,2746
"534","Boke","Gaoual",11,2021,3788
"535","Boke","Gaoual",11,2022,4990
"536","Boke","Gaoual",12,2018,1472
"537","Boke","Gaoual",12,2019,1977
"538","Boke","Gaoual",12,2020,1873
"539","Boke","Gaoual",12,2021,2332
"540","Boke","Gaoual",12,2022,2612
"541","Boke","Koundara",1,2018,539
"542","Boke","Koundara",1,2019,690
"543","Boke","Koundara",1,2020,476
"544","Boke","Koundara",1,2021,1090
"545","Boke","Koundara",1,2022,1190
"546","Boke","Koundara",2,2018,554
"547","Boke","Koundara",2,2019,368
"548","Boke","Koundara",2,2020,674
"549","Boke","Koundara",2,2021,382
"550","Boke","Koundara",2,2022,1007
"551","Boke","Koundara",3,2018,417
"552","Boke","Koundara",3,2019,315
"553","Boke","Koundara",3,2020,286
"554","Boke","Koundara",3,2021,388
"555","Boke","Koundara",3,2022,628
"556","Boke","Koundara",4,2018,261
"557","Boke","Koundara",4,2019,182
"558","Boke","Koundara",4,2020,203
"559","Boke","Koundara",4,2021,264
"560","Boke","Koundara",4,2022,381
"561","Boke","Koundara",5,2018,205
"562","Boke","Koundara",5,2019,120
"563","Boke","Koundara",5,2020,180
"564","Boke","Koundara",5,2021,166
"565","Boke","Koundara",5,2022,445
"566","Boke","Koundara",6,2018,216
"567","Boke","Koundara",6,2019,171
"568","Boke","Koundara",6,2020,370
"569","Boke","Koundara",6,2021,295
"570","Boke","Koundara",6,2022,1501
"571","Boke","Koundara",7,2018,2359
"572","Boke","Koundara",7,2019,1343
"573","Boke","Koundara",7,2020,3384
"574","Boke","Koundara",7,2021,3867
"575","Boke","Koundara",7,2022,7084
"576","Boke","Koundara",8,2018,4382
"577","Boke","Koundara",8,2019,4972
"578","Boke","Koundara",8,2020,4950
"579","Boke","Koundara",8,2021,5691
"580","Boke","Koundara",8,2022,9369
"581","Boke","Koundara",9,2018,3177
"582","Boke","Koundara",9,2019,4205
"583","Boke","Koundara",9,2020,3562
"584","Boke","Koundara",9,2021,4933
"585","Boke","Koundara",9,2022,8680
"586","Boke","Koundara",10,2018,3662
"587","Boke","Koundara",10,2019,3469
"588","Boke","Koundara",10,2020,2516
"589","Boke","Koundara",10,2021,5345
"590","Boke","Koundara",10,2022,7359
"591","Boke","Koundara",11,2018,3674
"592","Boke","Koundara",11,2019,5056
"593","Boke","Koundara",11,2020,4432
"594","Boke","Koundara",11,2021,3746
"595","Boke","Koundara",11,2022,7926
"596","Boke","Koundara",12,2018,1410
"597","Boke","Koundara",12,2019,2522
"598","Boke","Koundara",12,2020,1729
"599","Boke","Koundara",12,2021,3070
"600","Boke","Koundara",12,2022,3512
"601","Faranah","Dabola",1,2018,1896
"602","Faranah","Dabola",1,2019,1614
"603","Faranah","Dabola",1,2020,2177
"604","Faranah","Dabola",1,2021,2330
"605","Faranah","Dabola",1,2022,2519
"606","Faranah","Dabola",2,2018,1436
"607","Faranah","Dabola",2,2019,1253
"608","Faranah","Dabola",2,2020,1783
"609","Faranah","Dabola",2,2021,1818
"610","Faranah","Dabola",2,2022,1701
"611","Faranah","Dabola",3,2018,1614
"612","Faranah","Dabola",3,2019,1002
"613","Faranah","Dabola",3,2020,1530
"614","Faranah","Dabola",3,2021,1586
"615","Faranah","Dabola",3,2022,1498
"616","Faranah","Dabola",4,2018,2007
"617","Faranah","Dabola",4,2019,1169
"618","Faranah","Dabola",4,2020,883
"619","Faranah","Dabola",4,2021,1810
"620","Faranah","Dabola",4,2022,2177
"621","Faranah","Dabola",5,2018,2131
"622","Faranah","Dabola",5,2019,1554
"623","Faranah","Dabola",5,2020,2775
"624","Faranah","Dabola",5,2021,2137
"625","Faranah","Dabola",5,2022,2447
"626","Faranah","Dabola",6,2018,4092
"627","Faranah","Dabola",6,2019,4780
"628","Faranah","Dabola",6,2020,6811
"629","Faranah","Dabola",6,2021,4546
"630","Faranah","Dabola",6,2022,5783
"631","Faranah","Dabola",7,2018,4836
"632","Faranah","Dabola",7,2019,5534
"633","Faranah","Dabola",7,2020,5739
"634","Faranah","Dabola",7,2021,6612
"635","Faranah","Dabola",7,2022,9244
"636","Faranah","Dabola",8,2018,4475
"637","Faranah","Dabola",8,2019,6440
"638","Faranah","Dabola",8,2020,6662
"639","Faranah","Dabola",8,2021,7808
"640","Faranah","Dabola",8,2022,7704
"641","Faranah","Dabola",9,2018,5102
"642","Faranah","Dabola",9,2019,4141
"643","Faranah","Dabola",9,2020,4268
"644","Faranah","Dabola",9,2021,4297
"645","Faranah","Dabola",9,2022,9252
"646","Faranah","Dabola",10,2018,5060
"647","Faranah","Dabola",10,2019,4677
"648","Faranah","Dabola",10,2020,4333
"649","Faranah","Dabola",10,2021,4120
"650","Faranah","Dabola",10,2022,7713
"651","Faranah","Dabola",11,2018,4608
"652","Faranah","Dabola",11,2019,4849
"653","Faranah","Dabola",11,2020,5789
"654","Faranah","Dabola",11,2021,4706
"655","Faranah","Dabola",11,2022,9341
"656","Faranah","Dabola",12,2018,2617
"657","Faranah","Dabola",12,2019,3307
"658","Faranah","Dabola",12,2020,2712
"659","Faranah","Dabola",12,2021,3921
"660","Faranah","Dabola",12,2022,4608
"661","Faranah","Dinguiraye",1,2018,552
"662","Faranah","Dinguiraye",1,2019,556
"663","Faranah","Dinguiraye",1,2020,1000
"664","Faranah","Dinguiraye",1,2021,1507
"665","Faranah","Dinguiraye",1,2022,1662
"666","Faranah","Dinguiraye",2,2018,608
"667","Faranah","Dinguiraye",2,2019,458
"668","Faranah","Dinguiraye",2,2020,827
"669","Faranah","Dinguiraye",2,2021,766
"670","Faranah","Dinguiraye",2,2022,1169
"671","Faranah","Dinguiraye",3,2018,513
"672","Faranah","Dinguiraye",3,2019,320
"673","Faranah","Dinguiraye",3,2020,549
"674","Faranah","Dinguiraye",3,2021,1001
"675","Faranah","Dinguiraye",3,2022,932
"676","Faranah","Dinguiraye",4,2018,402
"677","Faranah","Dinguiraye",4,2019,290
"678","Faranah","Dinguiraye",4,2020,543
"679","Faranah","Dinguiraye",4,2021,885
"680","Faranah","Dinguiraye",4,2022,941
"681","Faranah","Dinguiraye",5,2018,503
"682","Faranah","Dinguiraye",5,2019,512
"683","Faranah","Dinguiraye",5,2020,1063
"684","Faranah","Dinguiraye",5,2021,1183
"685","Faranah","Dinguiraye",5,2022,1089
"686","Faranah","Dinguiraye",6,2018,1075
"687","Faranah","Dinguiraye",6,2019,1268
"688","Faranah","Dinguiraye",6,2020,2569
"689","Faranah","Dinguiraye",6,2021,2402
"690","Faranah","Dinguiraye",6,2022,3444
"691","Faranah","Dinguiraye",7,2018,2222
"692","Faranah","Dinguiraye",7,2019,2487
"693","Faranah","Dinguiraye",7,2020,2987
"694","Faranah","Dinguiraye",7,2021,4065
"695","Faranah","Dinguiraye",7,2022,4906
"696","Faranah","Dinguiraye",8,2018,2132
"697","Faranah","Dinguiraye",8,2019,2703
"698","Faranah","Dinguiraye",8,2020,3373
"699","Faranah","Dinguiraye",8,2021,4509
"700","Faranah","Dinguiraye",8,2022,4555
"701","Faranah","Dinguiraye",9,2018,1888
"702","Faranah","Dinguiraye",9,2019,2111
"703","Faranah","Dinguiraye",9,2020,2585
"704","Faranah","Dinguiraye",9,2021,2996
"705","Faranah","Dinguiraye",9,2022,3853
"706","Faranah","Dinguiraye",10,2018,1968
"707","Faranah","Dinguiraye",10,2019,2164
"708","Faranah","Dinguiraye",10,2020,2324
"709","Faranah","Dinguiraye",10,2021,2577
"710","Faranah","Dinguiraye",10,2022,4181
"711","Faranah","Dinguiraye",11,2018,1672
"712","Faranah","Dinguiraye",11,2019,2364
"713","Faranah","Dinguiraye",11,2020,2727
"714","Faranah","Dinguiraye",11,2021,2874
"715","Faranah","Dinguiraye",11,2022,4762
"716","Faranah","Dinguiraye",12,2018,927
"717","Faranah","Dinguiraye",12,2019,1380
"718","Faranah","Dinguiraye",12,2020,1622
"719","Faranah","Dinguiraye",12,2021,2508
"720","Faranah","Dinguiraye",12,2022,2689
"721","Faranah","Faranah",1,2018,1965
"722","Faranah","Faranah",1,2019,2656
"723","Faranah","Faranah",1,2020,3751
"724","Faranah","Faranah",1,2021,4764
"725","Faranah","Faranah",1,2022,4810
"726","Faranah","Faranah",2,2018,1862
"727","Faranah","Faranah",2,2019,2522
"728","Faranah","Faranah",2,2020,4242
"729","Faranah","Faranah",2,2021,3922
"730","Faranah","Faranah",2,2022,5454
"731","Faranah","Faranah",3,2018,2379
"732","Faranah","Faranah",3,2019,2696
"733","Faranah","Faranah",3,2020,3825
"734","Faranah","Faranah",3,2021,4584
"735","Faranah","Faranah",3,2022,5683
"736","Faranah","Faranah",4,2018,2927
"737","Faranah","Faranah",4,2019,2136
"738","Faranah","Faranah",4,2020,3511
"739","Faranah","Faranah",4,2021,4207
"740","Faranah","Faranah",4,2022,5384
"741","Faranah","Faranah",5,2018,2693
"742","Faranah","Faranah",5,2019,3607
"743","Faranah","Faranah",5,2020,6028
"744","Faranah","Faranah",5,2021,5361
"745","Faranah","Faranah",5,2022,6176
"746","Faranah","Faranah",6,2018,3400
"747","Faranah","Faranah",6,2019,4797
"748","Faranah","Faranah",6,2020,6941
"749","Faranah","Faranah",6,2021,6588
"750","Faranah","Faranah",6,2022,8717
"751","Faranah","Faranah",7,2018,4089
"752","Faranah","Faranah",7,2019,5416
"753","Faranah","Faranah",7,2020,4816
"754","Faranah","Faranah",7,2021,6843
"755","Faranah","Faranah",7,2022,9278
"756","Faranah","Faranah",8,2018,3248
"757","Faranah","Faranah",8,2019,5697
"758","Faranah","Faranah",8,2020,5652
"759","Faranah","Faranah",8,2021,7331
"760","Faranah","Faranah",8,2022,7796
"761","Faranah","Faranah",9,2018,3930
"762","Faranah","Faranah",9,2019,4665
"763","Faranah","Faranah",9,2020,4907
"764","Faranah","Faranah",9,2021,6641
"765","Faranah","Faranah",9,2022,8522
"766","Faranah","Faranah",10,2018,3945
"767","Faranah","Faranah",10,2019,4586
"768","Faranah","Faranah",10,2020,3692
"769","Faranah","Faranah",10,2021,5979
"770","Faranah","Faranah",10,2022,7190
"771","Faranah","Faranah",11,2018,3867
"772","Faranah","Faranah",11,2019,5720
"773","Faranah","Faranah",11,2020,6198
"774","Faranah","Faranah",11,2021,6741
"775","Faranah","Faranah",11,2022,8158
"776","Faranah","Faranah",12,2018,3266
"777","Faranah","Faranah",12,2019,4747
"778","Faranah","Faranah",12,2020,4441
"779","Faranah","Faranah",12,2021,5307
"780","Faranah","Faranah",12,2022,7222
"781","Faranah","Kissidougou",1,2018,3258
"782","Faranah","Kissidougou",1,2019,2708
"783","Faranah","Kissidougou",1,2020,4701
"784","Faranah","Kissidougou",1,2021,4187
"785","Faranah","Kissidougou",1,2022,5414
"786","Faranah","Kissidougou",2,2018,2532
"787","Faranah","Kissidougou",2,2019,2987
"788","Faranah","Kissidougou",2,2020,3629
"789","Faranah","Kissidougou",2,2021,3965
"790","Faranah","Kissidougou",2,2022,5083
"791","Faranah","Kissidougou",3,2018,2736
"792","Faranah","Kissidougou",3,2019,2560
"793","Faranah","Kissidougou",3,2020,3169
"794","Faranah","Kissidougou",3,2021,4123
"795","Faranah","Kissidougou",3,2022,4747
"796","Faranah","Kissidougou",4,2018,3631
"797","Faranah","Kissidougou",4,2019,3424
"798","Faranah","Kissidougou",4,2020,3350
"799","Faranah","Kissidougou",4,2021,5524
"800","Faranah","Kissidougou",4,2022,6902
"801","Faranah","Kissidougou",5,2018,4760
"802","Faranah","Kissidougou",5,2019,4992
"803","Faranah","Kissidougou",5,2020,5286
"804","Faranah","Kissidougou",5,2021,5913
"805","Faranah","Kissidougou",5,2022,8205
"806","Faranah","Kissidougou",6,2018,4079
"807","Faranah","Kissidougou",6,2019,5392
"808","Faranah","Kissidougou",6,2020,6434
"809","Faranah","Kissidougou",6,2021,5731
"810","Faranah","Kissidougou",6,2022,8035
"811","Faranah","Kissidougou",7,2018,4797
"812","Faranah","Kissidougou",7,2019,5144
"813","Faranah","Kissidougou",7,2020,6124
"814","Faranah","Kissidougou",7,2021,5479
"815","Faranah","Kissidougou",7,2022,7426
"816","Faranah","Kissidougou",8,2018,3991
"817","Faranah","Kissidougou",8,2019,5689
"818","Faranah","Kissidougou",8,2020,5087
"819","Faranah","Kissidougou",8,2021,6616
"820","Faranah","Kissidougou",8,2022,5497
"821","Faranah","Kissidougou",9,2018,4199
"822","Faranah","Kissidougou",9,2019,4730
"823","Faranah","Kissidougou",9,2020,4270
"824","Faranah","Kissidougou",9,2021,5460
"825","Faranah","Kissidougou",9,2022,6621
"826","Faranah","Kissidougou",10,2018,4303
"827","Faranah","Kissidougou",10,2019,4233
"828","Faranah","Kissidougou",10,2020,4088
"829","Faranah","Kissidougou",10,2021,4881
"830","Faranah","Kissidougou",10,2022,6397
"831","Faranah","Kissidougou",11,2018,4460
"832","Faranah","Kissidougou",11,2019,4600
"833","Faranah","Kissidougou",11,2020,4434
"834","Faranah","Kissidougou",11,2021,4513
"835","Faranah","Kissidougou",11,2022,8222
"836","Faranah","Kissidougou",12,2018,3671
"837","Faranah","Kissidougou",12,2019,4584
"838","Faranah","Kissidougou",12,2020,4475
"839","Faranah","Kissidougou",12,2021,4821
"840","Faranah","Kissidougou",12,2022,7579
"841","Kankan","Kankan",1,2018,2703
"842","Kankan","Kankan",1,2019,2774
"843","Kankan","Kankan",1,2020,3135
"844","Kankan","Kankan",1,2021,3902
"845","Kankan","Kankan",1,2022,4609
"846","Kankan","Kankan",2,2018,3120
"847","Kankan","Kankan",2,2019,2705
"848","Kankan","Kankan",2,2020,2607
"849","Kankan","Kankan",2,2021,3959
"850","Kankan","Kankan",2,2022,4246
"851","Kankan","Kankan",3,2018,3368
"852","Kankan","Kankan",3,2019,2928
"853","Kankan","Kankan",3,2020,2974
"854","Kankan","Kankan",3,2021,4100
"855","Kankan","Kankan",3,2022,3912
"856","Kankan","Kankan",4,2018,3886
"857","Kankan","Kankan",4,2019,2779
"858","Kankan","Kankan",4,2020,2537
"859","Kankan","Kankan",4,2021,4103
"860","Kankan","Kankan",4,2022,3786
"861","Kankan","Kankan",5,2018,3749
"862","Kankan","Kankan",5,2019,3097
"863","Kankan","Kankan",5,2020,3803
"864","Kankan","Kankan",5,2021,4547
"865","Kankan","Kankan",5,2022,4736
"866","Kankan","Kankan",6,2018,3775
"867","Kankan","Kankan",6,2019,4400
"868","Kankan","Kankan",6,2020,4475
"869","Kankan","Kankan",6,2021,5577
"870","Kankan","Kankan",6,2022,5201
"871","Kankan","Kankan",7,2018,3318
"872","Kankan","Kankan",7,2019,3872
"873","Kankan","Kankan",7,2020,4157
"874","Kankan","Kankan",7,2021,6795
"875","Kankan","Kankan",7,2022,7686
"876","Kankan","Kankan",8,2018,3557
"877","Kankan","Kankan",8,2019,3575
"878","Kankan","Kankan",8,2020,5443
"879","Kankan","Kankan",8,2021,7352
"880","Kankan","Kankan",8,2022,7061
"881","Kankan","Kankan",9,2018,3747
"882","Kankan","Kankan",9,2019,4327
"883","Kankan","Kankan",9,2020,4142
"884","Kankan","Kankan",9,2021,5176
"885","Kankan","Kankan",9,2022,7016
"886","Kankan","Kankan",10,2018,3674
"887","Kankan","Kankan",10,2019,4080
"888","Kankan","Kankan",10,2020,4348
"889","Kankan","Kankan",10,2021,5177
"890","Kankan","Kankan",10,2022,7127
"891","Kankan","Kankan",11,2018,4252
"892","Kankan","Kankan",11,2019,4724
"893","Kankan","Kankan",11,2020,4611
"894","Kankan","Kankan",11,2021,6087
"895","Kankan","Kankan",11,2022,6708
"896","Kankan","Kankan",12,2018,2841
"897","Kankan","Kankan",12,2019,3783
"898","Kankan","Kankan",12,2020,3445
"899","Kankan","Kankan",12,2021,5259
"900","Kankan","Kankan",12,2022,4242
"901","Kankan","Kerouane",1,2018,1033
"902","Kankan","Kerouane",1,2019,1823
"903","Kankan","Kerouane",1,2020,2401
"904","Kankan","Kerouane",1,2021,3988
"905","Kankan","Kerouane",1,2022,4861
"906","Kankan","Kerouane",2,2018,890
"907","Kankan","Kerouane",2,2019,1706
"908","Kankan","Kerouane",2,2020,3022
"909","Kankan","Kerouane",2,2021,3128
"910","Kankan","Kerouane",2,2022,5104
"911","Kankan","Kerouane",3,2018,1503
"912","Kankan","Kerouane",3,2019,2059
"913","Kankan","Kerouane",3,2020,2728
"914","Kankan","Kerouane",3,2021,3271
"915","Kankan","Kerouane",3,2022,4548
"916","Kankan","Kerouane",4,2018,1363
"917","Kankan","Kerouane",4,2019,2404
"918","Kankan","Kerouane",4,2020,2657
"919","Kankan","Kerouane",4,2021,3812
"920","Kankan","Kerouane",4,2022,5391
"921","Kankan","Kerouane",5,2018,507
"922","Kankan","Kerouane",5,2019,1982
"923","Kankan","Kerouane",5,2020,3226
"924","Kankan","Kerouane",5,2021,4517
"925","Kankan","Kerouane",5,2022,5078
"926","Kankan","Kerouane",6,2018,1835
"927","Kankan","Kerouane",6,2019,2328
"928","Kankan","Kerouane",6,2020,3838
"929","Kankan","Kerouane",6,2021,4139
"930","Kankan","Kerouane",6,2022,6336
"931","Kankan","Kerouane",7,2018,2127
"932","Kankan","Kerouane",7,2019,3571
"933","Kankan","Kerouane",7,2020,4260
"934","Kankan","Kerouane",7,2021,4695
"935","Kankan","Kerouane",7,2022,6864
"936","Kankan","Kerouane",8,2018,1670
"937","Kankan","Kerouane",8,2019,4019
"938","Kankan","Kerouane",8,2020,4308
"939","Kankan","Kerouane",8,2021,4554
"940","Kankan","Kerouane",8,2022,7406
"941","Kankan","Kerouane",9,2018,1878
"942","Kankan","Kerouane",9,2019,2532
"943","Kankan","Kerouane",9,2020,4229
"944","Kankan","Kerouane",9,2021,4855
"945","Kankan","Kerouane",9,2022,6354
"946","Kankan","Kerouane",10,2018,3703
"947","Kankan","Kerouane",10,2019,2855
"948","Kankan","Kerouane",10,2020,4185
"949","Kankan","Kerouane",10,2021,5333
"950","Kankan","Kerouane",10,2022,7203
"951","Kankan","Kerouane",11,2018,1460
"952","Kankan","Kerouane",11,2019,3408
"953","Kankan","Kerouane",11,2020,3976
"954","Kankan","Kerouane",11,2021,4527
"955","Kankan","Kerouane",11,2022,9032
"956","Kankan","Kerouane",12,2018,833
"957","Kankan","Kerouane",12,2019,3445
"958","Kankan","Kerouane",12,2020,4790
"959","Kankan","Kerouane",12,2021,4256
"960","Kankan","Kerouane",12,2022,6536
"961","Kankan","Kouroussa",1,2018,2632
"962","Kankan","Kouroussa",1,2019,2712
"963","Kankan","Kouroussa",1,2020,4168
"964","Kankan","Kouroussa",1,2021,4035
"965","Kankan","Kouroussa",1,2022,4891
"966","Kankan","Kouroussa",2,2018,2093
"967","Kankan","Kouroussa",2,2019,2325
"968","Kankan","Kouroussa",2,2020,3198
"969","Kankan","Kouroussa",2,2021,3447
"970","Kankan","Kouroussa",2,2022,3471
"971","Kankan","Kouroussa",3,2018,2186
"972","Kankan","Kouroussa",3,2019,2008
"973","Kankan","Kouroussa",3,2020,3760
"974","Kankan","Kouroussa",3,2021,3680
"975","Kankan","Kouroussa",3,2022,3077
"976","Kankan","Kouroussa",4,2018,2163
"977","Kankan","Kouroussa",4,2019,2311
"978","Kankan","Kouroussa",4,2020,2372
"979","Kankan","Kouroussa",4,2021,4215
"980","Kankan","Kouroussa",4,2022,3781
"981","Kankan","Kouroussa",5,2018,2325
"982","Kankan","Kouroussa",5,2019,2599
"983","Kankan","Kouroussa",5,2020,5159
"984","Kankan","Kouroussa",5,2021,4242
"985","Kankan","Kouroussa",5,2022,3999
"986","Kankan","Kouroussa",6,2018,3447
"987","Kankan","Kouroussa",6,2019,6029
"988","Kankan","Kouroussa",6,2020,8290
"989","Kankan","Kouroussa",6,2021,8133
"990","Kankan","Kouroussa",6,2022,6552
"991","Kankan","Kouroussa",7,2018,3680
"992","Kankan","Kouroussa",7,2019,6669
"993","Kankan","Kouroussa",7,2020,7162
"994","Kankan","Kouroussa",7,2021,9195
"995","Kankan","Kouroussa",7,2022,10180
"996","Kankan","Kouroussa",8,2018,4249
"997","Kankan","Kouroussa",8,2019,6837
"998","Kankan","Kouroussa",8,2020,9994
"999","Kankan","Kouroussa",8,2021,10405
"1000","Kankan","Kouroussa",8,2022,9140
"1001","Kankan","Kouroussa",9,2018,4567
"1002","Kankan","Kouroussa",9,2019,5664
"1003","Kankan","Kouroussa",9,2020,6430
"1004","Kankan","Kouroussa",9,2021,5695
"1005","Kankan","Kouroussa",9,2022,8138
"1006","Kankan","Kouroussa",10,2018,5206
"1007","Kankan","Kouroussa",10,2019,5511
"1008","Kankan","Kouroussa",10,2020,7274
"1009","Kankan","Kouroussa",10,2021,5942
"1010","Kankan","Kouroussa",10,2022,8618
"1011","Kankan","Kouroussa",11,2018,5273
"1012","Kankan","Kouroussa",11,2019,6422
"1013","Kankan","Kouroussa",11,2020,7485
"1014","Kankan","Kouroussa",11,2021,5591
"1015","Kankan","Kouroussa",11,2022,9733
"1016","Kankan","Kouroussa",12,2018,3530
"1017","Kankan","Kouroussa",12,2019,5779
"1018","Kankan","Kouroussa",12,2020,4621
"1019","Kankan","Kouroussa",12,2021,6143
"1020","Kankan","Kouroussa",12,2022,7891
"1021","Kankan","Mandiana",1,2018,4070
"1022","Kankan","Mandiana",1,2019,4598
"1023","Kankan","Mandiana",1,2020,4978
"1024","Kankan","Mandiana",1,2021,6586
"1025","Kankan","Mandiana",1,2022,7259
"1026","Kankan","Mandiana",2,2018,3680
"1027","Kankan","Mandiana",2,2019,8777
"1028","Kankan","Mandiana",2,2020,5193
"1029","Kankan","Mandiana",2,2021,6489
"1030","Kankan","Mandiana",2,2022,5632
"1031","Kankan","Mandiana",3,2018,4001
"1032","Kankan","Mandiana",3,2019,4268
"1033","Kankan","Mandiana",3,2020,5621
"1034","Kankan","Mandiana",3,2021,6558
"1035","Kankan","Mandiana",3,2022,5675
"1036","Kankan","Mandiana",4,2018,4275
"1037","Kankan","Mandiana",4,2019,4089
"1038","Kankan","Mandiana",4,2020,4904
"1039","Kankan","Mandiana",4,2021,6581
"1040","Kankan","Mandiana",4,2022,6156
"1041","Kankan","Mandiana",5,2018,4306
"1042","Kankan","Mandiana",5,2019,4070
"1043","Kankan","Mandiana",5,2020,5058
"1044","Kankan","Mandiana",5,2021,6999
"1045","Kankan","Mandiana",5,2022,5209
"1046","Kankan","Mandiana",6,2018,4411
"1047","Kankan","Mandiana",6,2019,5034
"1048","Kankan","Mandiana",6,2020,6966
"1049","Kankan","Mandiana",6,2021,8932
"1050","Kankan","Mandiana",6,2022,6516
"1051","Kankan","Mandiana",7,2018,4878
"1052","Kankan","Mandiana",7,2019,5080
"1053","Kankan","Mandiana",7,2020,8454
"1054","Kankan","Mandiana",7,2021,10112
"1055","Kankan","Mandiana",7,2022,8254
"1056","Kankan","Mandiana",8,2018,4425
"1057","Kankan","Mandiana",8,2019,5359
"1058","Kankan","Mandiana",8,2020,8525
"1059","Kankan","Mandiana",8,2021,9979
"1060","Kankan","Mandiana",8,2022,8764
"1061","Kankan","Mandiana",9,2018,5649
"1062","Kankan","Mandiana",9,2019,4824
"1063","Kankan","Mandiana",9,2020,6733
"1064","Kankan","Mandiana",9,2021,9154
"1065","Kankan","Mandiana",9,2022,10302
"1066","Kankan","Mandiana",10,2018,5638
"1067","Kankan","Mandiana",10,2019,5545
"1068","Kankan","Mandiana",10,2020,7324
"1069","Kankan","Mandiana",10,2021,9696
"1070","Kankan","Mandiana",10,2022,13029
"1071","Kankan","Mandiana",11,2018,5327
"1072","Kankan","Mandiana",11,2019,6504
"1073","Kankan","Mandiana",11,2020,8439
"1074","Kankan","Mandiana",11,2021,9747
"1075","Kankan","Mandiana",11,2022,13501
"1076","Kankan","Mandiana",12,2018,4999
"1077","Kankan","Mandiana",12,2019,6256
"1078","Kankan","Mandiana",12,2020,7835
"1079","Kankan","Mandiana",12,2021,8950
"1080","Kankan","Mandiana",12,2022,9093
"1081","Kankan","Siguiri",1,2018,4679
"1082","Kankan","Siguiri",1,2019,8954
"1083","Kankan","Siguiri",1,2020,7614
"1084","Kankan","Siguiri",1,2021,8228
"1085","Kankan","Siguiri",1,2022,8522
"1086","Kankan","Siguiri",2,2018,3546
"1087","Kankan","Siguiri",2,2019,8790
"1088","Kankan","Siguiri",2,2020,8611
"1089","Kankan","Siguiri",2,2021,9715
"1090","Kankan","Siguiri",2,2022,5259
"1091","Kankan","Siguiri",3,2018,4602
"1092","Kankan","Siguiri",3,2019,8070
"1093","Kankan","Siguiri",3,2020,8627
"1094","Kankan","Siguiri",3,2021,9855
"1095","Kankan","Siguiri",3,2022,6034
"1096","Kankan","Siguiri",4,2018,5899
"1097","Kankan","Siguiri",4,2019,7976
"1098","Kankan","Siguiri",4,2020,8061
"1099","Kankan","Siguiri",4,2021,9115
"1100","Kankan","Siguiri",4,2022,5888
"1101","Kankan","Siguiri",5,2018,5980
"1102","Kankan","Siguiri",5,2019,7045
"1103","Kankan","Siguiri",5,2020,7413
"1104","Kankan","Siguiri",5,2021,9040
"1105","Kankan","Siguiri",5,2022,5531
"1106","Kankan","Siguiri",6,2018,6135
"1107","Kankan","Siguiri",6,2019,7297
"1108","Kankan","Siguiri",6,2020,10323
"1109","Kankan","Siguiri",6,2021,10301
"1110","Kankan","Siguiri",6,2022,6899
"1111","Kankan","Siguiri",7,2018,7134
"1112","Kankan","Siguiri",7,2019,6206
"1113","Kankan","Siguiri",7,2020,9831
"1114","Kankan","Siguiri",7,2021,11541
"1115","Kankan","Siguiri",7,2022,9023
"1116","Kankan","Siguiri",8,2018,7495
"1117","Kankan","Siguiri",8,2019,10366
"1118","Kankan","Siguiri",8,2020,11798
"1119","Kankan","Siguiri",8,2021,12032
"1120","Kankan","Siguiri",8,2022,10701
"1121","Kankan","Siguiri",9,2018,8912
"1122","Kankan","Siguiri",9,2019,9401
"1123","Kankan","Siguiri",9,2020,9392
"1124","Kankan","Siguiri",9,2021,11626
"1125","Kankan","Siguiri",9,2022,10491
"1126","Kankan","Siguiri",10,2018,8669
"1127","Kankan","Siguiri",10,2019,11272
"1128","Kankan","Siguiri",10,2020,8727
"1129","Kankan","Siguiri",10,2021,11335
"1130","Kankan","Siguiri",10,2022,10913
"1131","Kankan","Siguiri",11,2018,9675
"1132","Kankan","Siguiri",11,2019,10176
"1133","Kankan","Siguiri",11,2020,9047
"1134","Kankan","Siguiri",11,2021,11176
"1135","Kankan","Siguiri",11,2022,12357
"1136","Kankan","Siguiri",12,2018,9468
"1137","Kankan","Siguiri",12,2019,9138
"1138","Kankan","Siguiri",12,2020,8563
"1139","Kankan","Siguiri",12,2021,9755
"1140","Kankan","Siguiri",12,2022,8940
"1141","Kindia","Coyah",1,2018,2465
"1142","Kindia","Coyah",1,2019,1596
"1143","Kindia","Coyah",1,2020,2657
"1144","Kindia","Coyah",1,2021,3112
"1145","Kindia","Coyah",1,2022,4323
"1146","Kindia","Coyah",2,2018,1844
"1147","Kindia","Coyah",2,2019,1667
"1148","Kindia","Coyah",2,2020,1952
"1149","Kindia","Coyah",2,2021,2451
"1150","Kindia","Coyah",2,2022,3610
"1151","Kindia","Coyah",3,2018,1759
"1152","Kindia","Coyah",3,2019,1709
"1153","Kindia","Coyah",3,2020,1956
"1154","Kindia","Coyah",3,2021,2186
"1155","Kindia","Coyah",3,2022,3738
"1156","Kindia","Coyah",4,2018,1550
"1157","Kindia","Coyah",4,2019,2049
"1158","Kindia","Coyah",4,2020,1180
"1159","Kindia","Coyah",4,2021,1844
"1160","Kindia","Coyah",4,2022,2591
"1161","Kindia","Coyah",5,2018,1310
"1162","Kindia","Coyah",5,2019,2064
"1163","Kindia","Coyah",5,2020,1657
"1164","Kindia","Coyah",5,2021,2503
"1165","Kindia","Coyah",5,2022,3348
"1166","Kindia","Coyah",6,2018,1840
"1167","Kindia","Coyah",6,2019,3186
"1168","Kindia","Coyah",6,2020,2274
"1169","Kindia","Coyah",6,2021,4153
"1170","Kindia","Coyah",6,2022,5471
"1171","Kindia","Coyah",7,2018,3606
"1172","Kindia","Coyah",7,2019,3356
"1173","Kindia","Coyah",7,2020,3754
"1174","Kindia","Coyah",7,2021,4614
"1175","Kindia","Coyah",7,2022,6008
"1176","Kindia","Coyah",8,2018,4095
"1177","Kindia","Coyah",8,2019,3655
"1178","Kindia","Coyah",8,2020,4581
"1179","Kindia","Coyah",8,2021,5108
"1180","Kindia","Coyah",8,2022,7228
"1181","Kindia","Coyah",9,2018,2869
"1182","Kindia","Coyah",9,2019,3538
"1183","Kindia","Coyah",9,2020,2889
"1184","Kindia","Coyah",9,2021,2762
"1185","Kindia","Coyah",9,2022,5765
"1186","Kindia","Coyah",10,2018,2971
"1187","Kindia","Coyah",10,2019,2580
"1188","Kindia","Coyah",10,2020,2903
"1189","Kindia","Coyah",10,2021,2330
"1190","Kindia","Coyah",10,2022,4030
"1191","Kindia","Coyah",11,2018,2930
"1192","Kindia","Coyah",11,2019,3454
"1193","Kindia","Coyah",11,2020,3613
"1194","Kindia","Coyah",11,2021,4006
"1195","Kindia","Coyah",11,2022,5418
"1196","Kindia","Coyah",12,2018,2701
"1197","Kindia","Coyah",12,2019,3739
"1198","Kindia","Coyah",12,2020,3906
"1199","Kindia","Coyah",12,2021,4446
"1200","Kindia","Coyah",12,2022,5533
"1201","Kindia","Dubreka",1,2018,3438
"1202","Kindia","Dubreka",1,2019,2035
"1203","Kindia","Dubreka",1,2020,3841
"1204","Kindia","Dubreka",1,2021,6993
"1205","Kindia","Dubreka",1,2022,7623
"1206","Kindia","Dubreka",2,2018,2104
"1207","Kindia","Dubreka",2,2019,3376
"1208","Kindia","Dubreka",2,2020,3183
"1209","Kindia","Dubreka",2,2021,4522
"1210","Kindia","Dubreka",2,2022,6659
"1211","Kindia","Dubreka",3,2018,1941
"1212","Kindia","Dubreka",3,2019,1887
"1213","Kindia","Dubreka",3,2020,2274
"1214","Kindia","Dubreka",3,2021,4199
"1215","Kindia","Dubreka",3,2022,5064
"1216","Kindia","Dubreka",4,2018,1513
"1217","Kindia","Dubreka",4,2019,994
"1218","Kindia","Dubreka",4,2020,1539
"1219","Kindia","Dubreka",4,2021,3338
"1220","Kindia","Dubreka",4,2022,3911
"1221","Kindia","Dubreka",5,2018,1391
"1222","Kindia","Dubreka",5,2019,1614
"1223","Kindia","Dubreka",5,2020,1912
"1224","Kindia","Dubreka",5,2021,3279
"1225","Kindia","Dubreka",5,2022,4403
"1226","Kindia","Dubreka",6,2018,2358
"1227","Kindia","Dubreka",6,2019,2446
"1228","Kindia","Dubreka",6,2020,4291
"1229","Kindia","Dubreka",6,2021,5990
"1230","Kindia","Dubreka",6,2022,8485
"1231","Kindia","Dubreka",7,2018,4393
"1232","Kindia","Dubreka",7,2019,4777
"1233","Kindia","Dubreka",7,2020,5495
"1234","Kindia","Dubreka",7,2021,9522
"1235","Kindia","Dubreka",7,2022,11159
"1236","Kindia","Dubreka",8,2018,5069
"1237","Kindia","Dubreka",8,2019,5753
"1238","Kindia","Dubreka",8,2020,4928
"1239","Kindia","Dubreka",8,2021,10319
"1240","Kindia","Dubreka",8,2022,13467
"1241","Kindia","Dubreka",9,2018,4608
"1242","Kindia","Dubreka",9,2019,5448
"1243","Kindia","Dubreka",9,2020,5555
"1244","Kindia","Dubreka",9,2021,7575
"1245","Kindia","Dubreka",9,2022,11343
"1246","Kindia","Dubreka",10,2018,3994
"1247","Kindia","Dubreka",10,2019,4329
"1248","Kindia","Dubreka",10,2020,5078
"1249","Kindia","Dubreka",10,2021,6007
"1250","Kindia","Dubreka",10,2022,9193
"1251","Kindia","Dubreka",11,2018,4505
"1252","Kindia","Dubreka",11,2019,4476
"1253","Kindia","Dubreka",11,2020,6075
"1254","Kindia","Dubreka",11,2021,7048
"1255","Kindia","Dubreka",11,2022,9800
"1256","Kindia","Dubreka",12,2018,3644
"1257","Kindia","Dubreka",12,2019,5596
"1258","Kindia","Dubreka",12,2020,6851
"1259","Kindia","Dubreka",12,2021,8648
"1260","Kindia","Dubreka",12,2022,8735
"1261","Kindia","Forecariah",1,2018,3192
"1262","Kindia","Forecariah",1,2019,2928
"1263","Kindia","Forecariah",1,2020,3687
"1264","Kindia","Forecariah",1,2021,4128
"1265","Kindia","Forecariah",1,2022,5206
"1266","Kindia","Forecariah",2,2018,2362
"1267","Kindia","Forecariah",2,2019,2869
"1268","Kindia","Forecariah",2,2020,3438
"1269","Kindia","Forecariah",2,2021,3381
"1270","Kindia","Forecariah",2,2022,4271
"1271","Kindia","Forecariah",3,2018,2240
"1272","Kindia","Forecariah",3,2019,2239
"1273","Kindia","Forecariah",3,2020,2473
"1274","Kindia","Forecariah",3,2021,3137
"1275","Kindia","Forecariah",3,2022,4003
"1276","Kindia","Forecariah",4,2018,1912
"1277","Kindia","Forecariah",4,2019,1519
"1278","Kindia","Forecariah",4,2020,1652
"1279","Kindia","Forecariah",4,2021,2770
"1280","Kindia","Forecariah",4,2022,3218
"1281","Kindia","Forecariah",5,2018,1959
"1282","Kindia","Forecariah",5,2019,1730
"1283","Kindia","Forecariah",5,2020,2758
"1284","Kindia","Forecariah",5,2021,3226
"1285","Kindia","Forecariah",5,2022,3546
"1286","Kindia","Forecariah",6,2018,3060
"1287","Kindia","Forecariah",6,2019,3199
"1288","Kindia","Forecariah",6,2020,4878
"1289","Kindia","Forecariah",6,2021,5059
"1290","Kindia","Forecariah",6,2022,6649
"1291","Kindia","Forecariah",7,2018,5353
"1292","Kindia","Forecariah",7,2019,5847
"1293","Kindia","Forecariah",7,2020,4597
"1294","Kindia","Forecariah",7,2021,6910
"1295","Kindia","Forecariah",7,2022,7808
"1296","Kindia","Forecariah",8,2018,4739
"1297","Kindia","Forecariah",8,2019,6043
"1298","Kindia","Forecariah",8,2020,5640
"1299","Kindia","Forecariah",8,2021,6235
"1300","Kindia","Forecariah",8,2022,8237
"1301","Kindia","Forecariah",9,2018,4789
"1302","Kindia","Forecariah",9,2019,6318
"1303","Kindia","Forecariah",9,2020,4937
"1304","Kindia","Forecariah",9,2021,5269
"1305","Kindia","Forecariah",9,2022,5376
"1306","Kindia","Forecariah",10,2018,4065
"1307","Kindia","Forecariah",10,2019,5069
"1308","Kindia","Forecariah",10,2020,3619
"1309","Kindia","Forecariah",10,2021,4068
"1310","Kindia","Forecariah",10,2022,4632
"1311","Kindia","Forecariah",11,2018,4616
"1312","Kindia","Forecariah",11,2019,5691
"1313","Kindia","Forecariah",11,2020,5591
"1314","Kindia","Forecariah",11,2021,4610
"1315","Kindia","Forecariah",11,2022,5187
"1316","Kindia","Forecariah",12,2018,4591
"1317","Kindia","Forecariah",12,2019,6249
"1318","Kindia","Forecariah",12,2020,5660
"1319","Kindia","Forecariah",12,2021,5786
"1320","Kindia","Forecariah",12,2022,4845
"1321","Kindia","Kindia",1,2018,2884
"1322","Kindia","Kindia",1,2019,2500
"1323","Kindia","Kindia",1,2020,4285
"1324","Kindia","Kindia",1,2021,5666
"1325","Kindia","Kindia",1,2022,7184
"1326","Kindia","Kindia",2,2018,2572
"1327","Kindia","Kindia",2,2019,2183
"1328","Kindia","Kindia",2,2020,5186
"1329","Kindia","Kindia",2,2021,5840
"1330","Kindia","Kindia",2,2022,7505
"1331","Kindia","Kindia",3,2018,2827
"1332","Kindia","Kindia",3,2019,2856
"1333","Kindia","Kindia",3,2020,3851
"1334","Kindia","Kindia",3,2021,6715
"1335","Kindia","Kindia",3,2022,6886
"1336","Kindia","Kindia",4,2018,2573
"1337","Kindia","Kindia",4,2019,2702
"1338","Kindia","Kindia",4,2020,3125
"1339","Kindia","Kindia",4,2021,6001
"1340","Kindia","Kindia",4,2022,8817
"1341","Kindia","Kindia",5,2018,2741
"1342","Kindia","Kindia",5,2019,2282
"1343","Kindia","Kindia",5,2020,4207
"1344","Kindia","Kindia",5,2021,5606
"1345","Kindia","Kindia",5,2022,6865
"1346","Kindia","Kindia",6,2018,3103
"1347","Kindia","Kindia",6,2019,4068
"1348","Kindia","Kindia",6,2020,5273
"1349","Kindia","Kindia",6,2021,6696
"1350","Kindia","Kindia",6,2022,7926
"1351","Kindia","Kindia",7,2018,4317
"1352","Kindia","Kindia",7,2019,5523
"1353","Kindia","Kindia",7,2020,5282
"1354","Kindia","Kindia",7,2021,9529
"1355","Kindia","Kindia",7,2022,8963
"1356","Kindia","Kindia",8,2018,4634
"1357","Kindia","Kindia",8,2019,4866
"1358","Kindia","Kindia",8,2020,4759
"1359","Kindia","Kindia",8,2021,10296
"1360","Kindia","Kindia",8,2022,10573
"1361","Kindia","Kindia",9,2018,3784
"1362","Kindia","Kindia",9,2019,4958
"1363","Kindia","Kindia",9,2020,4710
"1364","Kindia","Kindia",9,2021,7773
"1365","Kindia","Kindia",9,2022,10857
"1366","Kindia","Kindia",10,2018,3839
"1367","Kindia","Kindia",10,2019,4280
"1368","Kindia","Kindia",10,2020,4005
"1369","Kindia","Kindia",10,2021,9173
"1370","Kindia","Kindia",10,2022,10861
"1371","Kindia","Kindia",11,2018,28
"1372","Kindia","Kindia",11,2019,4911
"1373","Kindia","Kindia",11,2020,5100
"1374","Kindia","Kindia",11,2021,8883
"1375","Kindia","Kindia",11,2022,11131
"1376","Kindia","Kindia",12,2018,200
"1377","Kindia","Kindia",12,2019,5201
"1378","Kindia","Kindia",12,2020,6472
"1379","Kindia","Kindia",12,2021,7840
"1380","Kindia","Kindia",12,2022,10207
"1381","Kindia","Telimele",1,2018,1438
"1382","Kindia","Telimele",1,2019,1704
"1383","Kindia","Telimele",1,2020,1600
"1384","Kindia","Telimele",1,2021,2013
"1385","Kindia","Telimele",1,2022,2539
"1386","Kindia","Telimele",2,2018,1236
"1387","Kindia","Telimele",2,2019,1470
"1388","Kindia","Telimele",2,2020,1724
"1389","Kindia","Telimele",2,2021,2551
"1390","Kindia","Telimele",2,2022,2170
"1391","Kindia","Telimele",3,2018,1101
"1392","Kindia","Telimele",3,2019,1491
"1393","Kindia","Telimele",3,2020,1479
"1394","Kindia","Telimele",3,2021,2419
"1395","Kindia","Telimele",3,2022,2484
"1396","Kindia","Telimele",4,2018,1186
"1397","Kindia","Telimele",4,2019,1386
"1398","Kindia","Telimele",4,2020,1451
"1399","Kindia","Telimele",4,2021,2447
"1400","Kindia","Telimele",4,2022,2162
"1401","Kindia","Telimele",5,2018,1418
"1402","Kindia","Telimele",5,2019,1317
"1403","Kindia","Telimele",5,2020,2165
"1404","Kindia","Telimele",5,2021,2548
"1405","Kindia","Telimele",5,2022,2418
"1406","Kindia","Telimele",6,2018,1935
"1407","Kindia","Telimele",6,2019,1811
"1408","Kindia","Telimele",6,2020,3199
"1409","Kindia","Telimele",6,2021,3964
"1410","Kindia","Telimele",6,2022,3952
"1411","Kindia","Telimele",7,2018,2601
"1412","Kindia","Telimele",7,2019,2827
"1413","Kindia","Telimele",7,2020,3491
"1414","Kindia","Telimele",7,2021,6286
"1415","Kindia","Telimele",7,2022,6655
"1416","Kindia","Telimele",8,2018,2906
"1417","Kindia","Telimele",8,2019,3673
"1418","Kindia","Telimele",8,2020,3877
"1419","Kindia","Telimele",8,2021,6226
"1420","Kindia","Telimele",8,2022,6571
"1421","Kindia","Telimele",9,2018,2325
"1422","Kindia","Telimele",9,2019,2932
"1423","Kindia","Telimele",9,2020,3494
"1424","Kindia","Telimele",9,2021,5178
"1425","Kindia","Telimele",9,2022,5599
"1426","Kindia","Telimele",10,2018,2232
"1427","Kindia","Telimele",10,2019,2372
"1428","Kindia","Telimele",10,2020,2654
"1429","Kindia","Telimele",10,2021,3813
"1430","Kindia","Telimele",10,2022,4230
"1431","Kindia","Telimele",11,2018,1738
"1432","Kindia","Telimele",11,2019,2308
"1433","Kindia","Telimele",11,2020,3129
"1434","Kindia","Telimele",11,2021,3585
"1435","Kindia","Telimele",11,2022,5083
"1436","Kindia","Telimele",12,2018,1816
"1437","Kindia","Telimele",12,2019,2313
"1438","Kindia","Telimele",12,2020,2788
"1439","Kindia","Telimele",12,2021,4000
"1440","Kindia","Telimele",12,2022,4274
"1441","Labe","Koubia",1,2018,226
"1442","Labe","Koubia",1,2019,246
"1443","Labe","Koubia",1,2020,403
"1444","Labe","Koubia",1,2021,420
"1445","Labe","Koubia",1,2022,562
"1446","Labe","Koubia",2,2018,187
"1447","Labe","Koubia",2,2019,266
"1448","Labe","Koubia",2,2020,290
"1449","Labe","Koubia",2,2021,286
"1450","Labe","Koubia",2,2022,371
"1451","Labe","Koubia",3,2018,219
"1452","Labe","Koubia",3,2019,162
"1453","Labe","Koubia",3,2020,265
"1454","Labe","Koubia",3,2021,277
"1455","Labe","Koubia",3,2022,276
"1456","Labe","Koubia",4,2018,313
"1457","Labe","Koubia",4,2019,174
"1458","Labe","Koubia",4,2020,196
"1459","Labe","Koubia",4,2021,249
"1460","Labe","Koubia",4,2022,272
"1461","Labe","Koubia",5,2018,314
"1462","Labe","Koubia",5,2019,247
"1463","Labe","Koubia",5,2020,324
"1464","Labe","Koubia",5,2021,281
"1465","Labe","Koubia",5,2022,445
"1466","Labe","Koubia",6,2018,478
"1467","Labe","Koubia",6,2019,440
"1468","Labe","Koubia",6,2020,1271
"1469","Labe","Koubia",6,2021,868
"1470","Labe","Koubia",6,2022,1613
"1471","Labe","Koubia",7,2018,1675
"1472","Labe","Koubia",7,2019,1834
"1473","Labe","Koubia",7,2020,2509
"1474","Labe","Koubia",7,2021,3165
"1475","Labe","Koubia",7,2022,3018
"1476","Labe","Koubia",8,2018,3392
"1477","Labe","Koubia",8,2019,3073
"1478","Labe","Koubia",8,2020,2845
"1479","Labe","Koubia",8,2021,3104
"1480","Labe","Koubia",8,2022,3451
"1481","Labe","Koubia",9,2018,2053
"1482","Labe","Koubia",9,2019,1781
"1483","Labe","Koubia",9,2020,1701
"1484","Labe","Koubia",9,2021,2014
"1485","Labe","Koubia",9,2022,2221
"1486","Labe","Koubia",10,2018,1810
"1487","Labe","Koubia",10,2019,2171
"1488","Labe","Koubia",10,2020,621
"1489","Labe","Koubia",10,2021,1454
"1490","Labe","Koubia",10,2022,1397
"1491","Labe","Koubia",11,2018,1199
"1492","Labe","Koubia",11,2019,2200
"1493","Labe","Koubia",11,2020,1793
"1494","Labe","Koubia",11,2021,1821
"1495","Labe","Koubia",11,2022,2351
"1496","Labe","Koubia",12,2018,543
"1497","Labe","Koubia",12,2019,842
"1498","Labe","Koubia",12,2020,592
"1499","Labe","Koubia",12,2021,898
"1500","Labe","Koubia",12,2022,856
"1501","Labe","Labe",1,2018,410
"1502","Labe","Labe",1,2019,715
"1503","Labe","Labe",1,2020,620
"1504","Labe","Labe",1,2021,688
"1505","Labe","Labe",1,2022,1775
"1506","Labe","Labe",2,2018,351
"1507","Labe","Labe",2,2019,470
"1508","Labe","Labe",2,2020,498
"1509","Labe","Labe",2,2021,587
"1510","Labe","Labe",2,2022,967
"1511","Labe","Labe",3,2018,380
"1512","Labe","Labe",3,2019,433
"1513","Labe","Labe",3,2020,449
"1514","Labe","Labe",3,2021,460
"1515","Labe","Labe",3,2022,703
"1516","Labe","Labe",4,2018,494
"1517","Labe","Labe",4,2019,371
"1518","Labe","Labe",4,2020,415
"1519","Labe","Labe",4,2021,430
"1520","Labe","Labe",4,2022,828
"1521","Labe","Labe",5,2018,605
"1522","Labe","Labe",5,2019,520
"1523","Labe","Labe",5,2020,772
"1524","Labe","Labe",5,2021,598
"1525","Labe","Labe",5,2022,1233
"1526","Labe","Labe",6,2018,1138
"1527","Labe","Labe",6,2019,1350
"1528","Labe","Labe",6,2020,2768
"1529","Labe","Labe",6,2021,1655
"1530","Labe","Labe",6,2022,3474
"1531","Labe","Labe",7,2018,3599
"1532","Labe","Labe",7,2019,3885
"1533","Labe","Labe",7,2020,4492
"1534","Labe","Labe",7,2021,4920
"1535","Labe","Labe",7,2022,6775
"1536","Labe","Labe",8,2018,6709
"1537","Labe","Labe",8,2019,5381
"1538","Labe","Labe",8,2020,5467
"1539","Labe","Labe",8,2021,5609
"1540","Labe","Labe",8,2022,8344
"1541","Labe","Labe",9,2018,5136
"1542","Labe","Labe",9,2019,4818
"1543","Labe","Labe",9,2020,4802
"1544","Labe","Labe",9,2021,4320
"1545","Labe","Labe",9,2022,6280
"1546","Labe","Labe",10,2018,5969
"1547","Labe","Labe",10,2019,5854
"1548","Labe","Labe",10,2020,2744
"1549","Labe","Labe",10,2021,5060
"1550","Labe","Labe",10,2022,6454
"1551","Labe","Labe",11,2018,4707
"1552","Labe","Labe",11,2019,5393
"1553","Labe","Labe",11,2020,3976
"1554","Labe","Labe",11,2021,4761
"1555","Labe","Labe",11,2022,7288
"1556","Labe","Labe",12,2018,1361
"1557","Labe","Labe",12,2019,1876
"1558","Labe","Labe",12,2020,1374
"1559","Labe","Labe",12,2021,2232
"1560","Labe","Labe",12,2022,2929
"1561","Labe","Lelouma",1,2018,463
"1562","Labe","Lelouma",1,2019,506
"1563","Labe","Lelouma",1,2020,584
"1564","Labe","Lelouma",1,2021,557
"1565","Labe","Lelouma",1,2022,1524
"1566","Labe","Lelouma",2,2018,271
"1567","Labe","Lelouma",2,2019,283
"1568","Labe","Lelouma",2,2020,396
"1569","Labe","Lelouma",2,2021,439
"1570","Labe","Lelouma",2,2022,892
"1571","Labe","Lelouma",3,2018,284
"1572","Labe","Lelouma",3,2019,325
"1573","Labe","Lelouma",3,2020,385
"1574","Labe","Lelouma",3,2021,427
"1575","Labe","Lelouma",3,2022,714
"1576","Labe","Lelouma",4,2018,249
"1577","Labe","Lelouma",4,2019,275
"1578","Labe","Lelouma",4,2020,259
"1579","Labe","Lelouma",4,2021,505
"1580","Labe","Lelouma",4,2022,558
"1581","Labe","Lelouma",5,2018,341
"1582","Labe","Lelouma",5,2019,416
"1583","Labe","Lelouma",5,2020,801
"1584","Labe","Lelouma",5,2021,793
"1585","Labe","Lelouma",5,2022,1051
"1586","Labe","Lelouma",6,2018,823
"1587","Labe","Lelouma",6,2019,855
"1588","Labe","Lelouma",6,2020,1823
"1589","Labe","Lelouma",6,2021,1108
"1590","Labe","Lelouma",6,2022,2139
"1591","Labe","Lelouma",7,2018,2018
"1592","Labe","Lelouma",7,2019,2331
"1593","Labe","Lelouma",7,2020,2873
"1594","Labe","Lelouma",7,2021,3548
"1595","Labe","Lelouma",7,2022,4813
"1596","Labe","Lelouma",8,2018,463
"1597","Labe","Lelouma",8,2019,3623
"1598","Labe","Lelouma",8,2020,3181
"1599","Labe","Lelouma",8,2021,3617
"1600","Labe","Lelouma",8,2022,6107
"1601","Labe","Lelouma",9,2018,3862
"1602","Labe","Lelouma",9,2019,3130
"1603","Labe","Lelouma",9,2020,2664
"1604","Labe","Lelouma",9,2021,2904
"1605","Labe","Lelouma",9,2022,4216
"1606","Labe","Lelouma",10,2018,3785
"1607","Labe","Lelouma",10,2019,3002
"1608","Labe","Lelouma",10,2020,2630
"1609","Labe","Lelouma",10,2021,2984
"1610","Labe","Lelouma",10,2022,3441
"1611","Labe","Lelouma",11,2018,2786
"1612","Labe","Lelouma",11,2019,2864
"1613","Labe","Lelouma",11,2020,3526
"1614","Labe","Lelouma",11,2021,2845
"1615","Labe","Lelouma",11,2022,5122
"1616","Labe","Lelouma",12,2018,967
"1617","Labe","Lelouma",12,2019,1454
"1618","Labe","Lelouma",12,2020,1093
"1619","Labe","Lelouma",12,2021,1714
"1620","Labe","Lelouma",12,2022,1693
"1621","Labe","Mali",1,2018,429
"1622","Labe","Mali",1,2019,578
"1623","Labe","Mali",1,2020,351
"1624","Labe","Mali",1,2021,410
"1625","Labe","Mali",1,2022,1046
"1626","Labe","Mali",2,2018,419
"1627","Labe","Mali",2,2019,336
"1628","Labe","Mali",2,2020,438
"1629","Labe","Mali",2,2021,618
"1630","Labe","Mali",2,2022,697
"1631","Labe","Mali",3,2018,243
"1632","Labe","Mali",3,2019,267
"1633","Labe","Mali",3,2020,272
"1634","Labe","Mali",3,2021,400
"1635","Labe","Mali",3,2022,476
"1636","Labe","Mali",4,2018,216
"1637","Labe","Mali",4,2019,195
"1638","Labe","Mali",4,2020,279
"1639","Labe","Mali",4,2021,311
"1640","Labe","Mali",4,2022,375
"1641","Labe","Mali",5,2018,209
"1642","Labe","Mali",5,2019,213
"1643","Labe","Mali",5,2020,347
"1644","Labe","Mali",5,2021,303
"1645","Labe","Mali",5,2022,577
"1646","Labe","Mali",6,2018,469
"1647","Labe","Mali",6,2019,327
"1648","Labe","Mali",6,2020,1120
"1649","Labe","Mali",6,2021,920
"1650","Labe","Mali",6,2022,1580
"1651","Labe","Mali",7,2018,1843
"1652","Labe","Mali",7,2019,2124
"1653","Labe","Mali",7,2020,4403
"1654","Labe","Mali",7,2021,5692
"1655","Labe","Mali",7,2022,6855
"1656","Labe","Mali",8,2018,5084
"1657","Labe","Mali",8,2019,3375
"1658","Labe","Mali",8,2020,4586
"1659","Labe","Mali",8,2021,6317
"1660","Labe","Mali",8,2022,7808
"1661","Labe","Mali",9,2018,3171
"1662","Labe","Mali",9,2019,2706
"1663","Labe","Mali",9,2020,3071
"1664","Labe","Mali",9,2021,4238
"1665","Labe","Mali",9,2022,4856
"1666","Labe","Mali",10,2018,4290
"1667","Labe","Mali",10,2019,3844
"1668","Labe","Mali",10,2020,2265
"1669","Labe","Mali",10,2021,2929
"1670","Labe","Mali",10,2022,4457
"1671","Labe","Mali",11,2018,2903
"1672","Labe","Mali",11,2019,3765
"1673","Labe","Mali",11,2020,2229
"1674","Labe","Mali",11,2021,3219
"1675","Labe","Mali",11,2022,4757
"1676","Labe","Mali",12,2018,855
"1677","Labe","Mali",12,2019,957
"1678","Labe","Mali",12,2020,893
"1679","Labe","Mali",12,2021,1872
"1680","Labe","Mali",12,2022,1400
"1681","Labe","Tougue",1,2018,299
"1682","Labe","Tougue",1,2019,422
"1683","Labe","Tougue",1,2020,481
"1684","Labe","Tougue",1,2021,532
"1685","Labe","Tougue",1,2022,904
"1686","Labe","Tougue",2,2018,226
"1687","Labe","Tougue",2,2019,259
"1688","Labe","Tougue",2,2020,433
"1689","Labe","Tougue",2,2021,374
"1690","Labe","Tougue",2,2022,665
"1691","Labe","Tougue",3,2018,195
"1692","Labe","Tougue",3,2019,171
"1693","Labe","Tougue",3,2020,366
"1694","Labe","Tougue",3,2021,352
"1695","Labe","Tougue",3,2022,486
"1696","Labe","Tougue",4,2018,289
"1697","Labe","Tougue",4,2019,213
"1698","Labe","Tougue",4,2020,229
"1699","Labe","Tougue",4,2021,583
"1700","Labe","Tougue",4,2022,512
"1701","Labe","Tougue",5,2018,346
"1702","Labe","Tougue",5,2019,267
"1703","Labe","Tougue",5,2020,1030
"1704","Labe","Tougue",5,2021,779
"1705","Labe","Tougue",5,2022,925
"1706","Labe","Tougue",6,2018,1001
"1707","Labe","Tougue",6,2019,1610
"1708","Labe","Tougue",6,2020,4096
"1709","Labe","Tougue",6,2021,2496
"1710","Labe","Tougue",6,2022,2991
"1711","Labe","Tougue",7,2018,2976
"1712","Labe","Tougue",7,2019,3229
"1713","Labe","Tougue",7,2020,5356
"1714","Labe","Tougue",7,2021,5091
"1715","Labe","Tougue",7,2022,5437
"1716","Labe","Tougue",8,2018,3832
"1717","Labe","Tougue",8,2019,4576
"1718","Labe","Tougue",8,2020,4221
"1719","Labe","Tougue",8,2021,3763
"1720","Labe","Tougue",8,2022,3982
"1721","Labe","Tougue",9,2018,2999
"1722","Labe","Tougue",9,2019,3947
"1723","Labe","Tougue",9,2020,2460
"1724","Labe","Tougue",9,2021,2587
"1725","Labe","Tougue",9,2022,2792
"1726","Labe","Tougue",10,2018,2893
"1727","Labe","Tougue",10,2019,4042
"1728","Labe","Tougue",10,2020,1980
"1729","Labe","Tougue",10,2021,2878
"1730","Labe","Tougue",10,2022,2522
"1731","Labe","Tougue",11,2018,2666
"1732","Labe","Tougue",11,2019,3891
"1733","Labe","Tougue",11,2020,2906
"1734","Labe","Tougue",11,2021,2584
"1735","Labe","Tougue",11,2022,4054
"1736","Labe","Tougue",12,2018,799
"1737","Labe","Tougue",12,2019,1855
"1738","Labe","Tougue",12,2020,940
"1739","Labe","Tougue",12,2021,1489
"1740","Labe","Tougue",12,2022,1406
"1741","Mamou","Dalaba",1,2018,705
"1742","Mamou","Dalaba",1,2019,640
"1743","Mamou","Dalaba",1,2020,788
"1744","Mamou","Dalaba",1,2021,983
"1745","Mamou","Dalaba",1,2022,1347
"1746","Mamou","Dalaba",2,2018,596
"1747","Mamou","Dalaba",2,2019,627
"1748","Mamou","Dalaba",2,2020,754
"1749","Mamou","Dalaba",2,2021,1015
"1750","Mamou","Dalaba",2,2022,1064
"1751","Mamou","Dalaba",3,2018,532
"1752","Mamou","Dalaba",3,2019,524
"1753","Mamou","Dalaba",3,2020,820
"1754","Mamou","Dalaba",3,2021,920
"1755","Mamou","Dalaba",3,2022,1051
"1756","Mamou","Dalaba",4,2018,679
"1757","Mamou","Dalaba",4,2019,606
"1758","Mamou","Dalaba",4,2020,489
"1759","Mamou","Dalaba",4,2021,903
"1760","Mamou","Dalaba",4,2022,950
"1761","Mamou","Dalaba",5,2018,800
"1762","Mamou","Dalaba",5,2019,900
"1763","Mamou","Dalaba",5,2020,1023
"1764","Mamou","Dalaba",5,2021,1068
"1765","Mamou","Dalaba",5,2022,1168
"1766","Mamou","Dalaba",6,2018,1443
"1767","Mamou","Dalaba",6,2019,1186
"1768","Mamou","Dalaba",6,2020,2068
"1769","Mamou","Dalaba",6,2021,1810
"1770","Mamou","Dalaba",6,2022,2321
"1771","Mamou","Dalaba",7,2018,2804
"1772","Mamou","Dalaba",7,2019,2371
"1773","Mamou","Dalaba",7,2020,2420
"1774","Mamou","Dalaba",7,2021,3227
"1775","Mamou","Dalaba",7,2022,4613
"1776","Mamou","Dalaba",8,2018,4148
"1777","Mamou","Dalaba",8,2019,2975
"1778","Mamou","Dalaba",8,2020,2423
"1779","Mamou","Dalaba",8,2021,3133
"1780","Mamou","Dalaba",8,2022,5128
"1781","Mamou","Dalaba",9,2018,2613
"1782","Mamou","Dalaba",9,2019,2205
"1783","Mamou","Dalaba",9,2020,1958
"1784","Mamou","Dalaba",9,2021,2067
"1785","Mamou","Dalaba",9,2022,3845
"1786","Mamou","Dalaba",10,2018,2234
"1787","Mamou","Dalaba",10,2019,2258
"1788","Mamou","Dalaba",10,2020,1872
"1789","Mamou","Dalaba",10,2021,2359
"1790","Mamou","Dalaba",10,2022,3554
"1791","Mamou","Dalaba",11,2018,2243
"1792","Mamou","Dalaba",11,2019,2649
"1793","Mamou","Dalaba",11,2020,2377
"1794","Mamou","Dalaba",11,2021,2393
"1795","Mamou","Dalaba",11,2022,4121
"1796","Mamou","Dalaba",12,2018,1230
"1797","Mamou","Dalaba",12,2019,1668
"1798","Mamou","Dalaba",12,2020,1038
"1799","Mamou","Dalaba",12,2021,1616
"1800","Mamou","Dalaba",12,2022,2106
"1801","Mamou","Mamou",1,2018,2117
"1802","Mamou","Mamou",1,2019,2717
"1803","Mamou","Mamou",1,2020,3559
"1804","Mamou","Mamou",1,2021,3874
"1805","Mamou","Mamou",1,2022,4768
"1806","Mamou","Mamou",2,2018,1766
"1807","Mamou","Mamou",2,2019,2921
"1808","Mamou","Mamou",2,2020,2999
"1809","Mamou","Mamou",2,2021,3943
"1810","Mamou","Mamou",2,2022,4009
"1811","Mamou","Mamou",3,2018,2262
"1812","Mamou","Mamou",3,2019,2800
"1813","Mamou","Mamou",3,2020,3364
"1814","Mamou","Mamou",3,2021,3642
"1815","Mamou","Mamou",3,2022,4627
"1816","Mamou","Mamou",4,2018,3095
"1817","Mamou","Mamou",4,2019,2864
"1818","Mamou","Mamou",4,2020,2453
"1819","Mamou","Mamou",4,2021,4187
"1820","Mamou","Mamou",4,2022,5410
"1821","Mamou","Mamou",5,2018,3294
"1822","Mamou","Mamou",5,2019,3693
"1823","Mamou","Mamou",5,2020,4995
"1824","Mamou","Mamou",5,2021,5649
"1825","Mamou","Mamou",5,2022,5397
"1826","Mamou","Mamou",6,2018,4956
"1827","Mamou","Mamou",6,2019,6440
"1828","Mamou","Mamou",6,2020,9673
"1829","Mamou","Mamou",6,2021,8680
"1830","Mamou","Mamou",6,2022,11387
"1831","Mamou","Mamou",7,2018,7971
"1832","Mamou","Mamou",7,2019,9794
"1833","Mamou","Mamou",7,2020,9128
"1834","Mamou","Mamou",7,2021,12268
"1835","Mamou","Mamou",7,2022,14842
"1836","Mamou","Mamou",8,2018,10378
"1837","Mamou","Mamou",8,2019,9943
"1838","Mamou","Mamou",8,2020,9809
"1839","Mamou","Mamou",8,2021,12459
"1840","Mamou","Mamou",8,2022,13274
"1841","Mamou","Mamou",9,2018,8243
"1842","Mamou","Mamou",9,2019,9264
"1843","Mamou","Mamou",9,2020,8911
"1844","Mamou","Mamou",9,2021,7297
"1845","Mamou","Mamou",9,2022,9531
"1846","Mamou","Mamou",10,2018,6766
"1847","Mamou","Mamou",10,2019,6530
"1848","Mamou","Mamou",10,2020,5562
"1849","Mamou","Mamou",10,2021,7148
"1850","Mamou","Mamou",10,2022,9093
"1851","Mamou","Mamou",11,2018,6267
"1852","Mamou","Mamou",11,2019,7834
"1853","Mamou","Mamou",11,2020,7855
"1854","Mamou","Mamou",11,2021,7874
"1855","Mamou","Mamou",11,2022,11342
"1856","Mamou","Mamou",12,2018,3137
"1857","Mamou","Mamou",12,2019,5606
"1858","Mamou","Mamou",12,2020,4733
"1859","Mamou","Mamou",12,2021,6242
"1860","Mamou","Mamou",12,2022,7245
"1861","Mamou","Pita",1,2018,862
"1862","Mamou","Pita",1,2019,1038
"1863","Mamou","Pita",1,2020,1373
"1864","Mamou","Pita",1,2021,1601
"1865","Mamou","Pita",1,2022,1936
"1866","Mamou","Pita",2,2018,809
"1867","Mamou","Pita",2,2019,707
"1868","Mamou","Pita",2,2020,1141
"1869","Mamou","Pita",2,2021,1268
"1870","Mamou","Pita",2,2022,1394
"1871","Mamou","Pita",3,2018,858
"1872","Mamou","Pita",3,2019,791
"1873","Mamou","Pita",3,2020,1252
"1874","Mamou","Pita",3,2021,1336
"1875","Mamou","Pita",3,2022,1348
"1876","Mamou","Pita",4,2018,1002
"1877","Mamou","Pita",4,2019,1010
"1878","Mamou","Pita",4,2020,941
"1879","Mamou","Pita",4,2021,1559
"1880","Mamou","Pita",4,2022,1603
"1881","Mamou","Pita",5,2018,1143
"1882","Mamou","Pita",5,2019,1106
"1883","Mamou","Pita",5,2020,1425
"1884","Mamou","Pita",5,2021,1227
"1885","Mamou","Pita",5,2022,1721
"1886","Mamou","Pita",6,2018,1878
"1887","Mamou","Pita",6,2019,1927
"1888","Mamou","Pita",6,2020,3580
"1889","Mamou","Pita",6,2021,2419
"1890","Mamou","Pita",6,2022,3358
"1891","Mamou","Pita",7,2018,4438
"1892","Mamou","Pita",7,2019,4367
"1893","Mamou","Pita",7,2020,3800
"1894","Mamou","Pita",7,2021,5125
"1895","Mamou","Pita",7,2022,6881
"1896","Mamou","Pita",8,2018,7385
"1897","Mamou","Pita",8,2019,5748
"1898","Mamou","Pita",8,2020,5710
"1899","Mamou","Pita",8,2021,5937
"1900","Mamou","Pita",8,2022,7977
"1901","Mamou","Pita",9,2018,5905
"1902","Mamou","Pita",9,2019,5191
"1903","Mamou","Pita",9,2020,4565
"1904","Mamou","Pita",9,2021,3489
"1905","Mamou","Pita",9,2022,5022
"1906","Mamou","Pita",10,2018,4354
"1907","Mamou","Pita",10,2019,4332
"1908","Mamou","Pita",10,2020,3415
"1909","Mamou","Pita",10,2021,3201
"1910","Mamou","Pita",10,2022,3894
"1911","Mamou","Pita",11,2018,4222
"1912","Mamou","Pita",11,2019,4048
"1913","Mamou","Pita",11,2020,4189
"1914","Mamou","Pita",11,2021,3105
"1915","Mamou","Pita",11,2022,4647
"1916","Mamou","Pita",12,2018,1674
"1917","Mamou","Pita",12,2019,2577
"1918","Mamou","Pita",12,2020,2329
"1919","Mamou","Pita",12,2021,2880
"1920","Mamou","Pita",12,2022,2901
"1921","N'Zerekore","Beyla",1,2018,1675
"1922","N'Zerekore","Beyla",1,2019,2726
"1923","N'Zerekore","Beyla",1,2020,4073
"1924","N'Zerekore","Beyla",1,2021,4604
"1925","N'Zerekore","Beyla",1,2022,5748
"1926","N'Zerekore","Beyla",2,2018,1758
"1927","N'Zerekore","Beyla",2,2019,2218
"1928","N'Zerekore","Beyla",2,2020,4624
"1929","N'Zerekore","Beyla",2,2021,4538
"1930","N'Zerekore","Beyla",2,2022,5302
"1931","N'Zerekore","Beyla",3,2018,2752
"1932","N'Zerekore","Beyla",3,2019,2860
"1933","N'Zerekore","Beyla",3,2020,4342
"1934","N'Zerekore","Beyla",3,2021,4534
"1935","N'Zerekore","Beyla",3,2022,5719
"1936","N'Zerekore","Beyla",4,2018,4306
"1937","N'Zerekore","Beyla",4,2019,3535
"1938","N'Zerekore","Beyla",4,2020,4836
"1939","N'Zerekore","Beyla",4,2021,5638
"1940","N'Zerekore","Beyla",4,2022,6299
"1941","N'Zerekore","Beyla",5,2018,4204
"1942","N'Zerekore","Beyla",5,2019,4066
"1943","N'Zerekore","Beyla",5,2020,6467
"1944","N'Zerekore","Beyla",5,2021,6103
"1945","N'Zerekore","Beyla",5,2022,6938
"1946","N'Zerekore","Beyla",6,2018,4395
"1947","N'Zerekore","Beyla",6,2019,4833
"1948","N'Zerekore","Beyla",6,2020,5883
"1949","N'Zerekore","Beyla",6,2021,6132
"1950","N'Zerekore","Beyla",6,2022,6687
"1951","N'Zerekore","Beyla",7,2018,3935
"1952","N'Zerekore","Beyla",7,2019,4607
"1953","N'Zerekore","Beyla",7,2020,5653
"1954","N'Zerekore","Beyla",7,2021,6548
"1955","N'Zerekore","Beyla",7,2022,7735
"1956","N'Zerekore","Beyla",8,2018,4157
"1957","N'Zerekore","Beyla",8,2019,4846
"1958","N'Zerekore","Beyla",8,2020,6249
"1959","N'Zerekore","Beyla",8,2021,6692
"1960","N'Zerekore","Beyla",8,2022,6246
"1961","N'Zerekore","Beyla",9,2018,4845
"1962","N'Zerekore","Beyla",9,2019,4754
"1963","N'Zerekore","Beyla",9,2020,6145
"1964","N'Zerekore","Beyla",9,2021,6138
"1965","N'Zerekore","Beyla",9,2022,7451
"1966","N'Zerekore","Beyla",10,2018,3949
"1967","N'Zerekore","Beyla",10,2019,4724
"1968","N'Zerekore","Beyla",10,2020,5659
"1969","N'Zerekore","Beyla",10,2021,6149
"1970","N'Zerekore","Beyla",10,2022,7011
"1971","N'Zerekore","Beyla",11,2018,4075
"1972","N'Zerekore","Beyla",11,2019,5540
"1973","N'Zerekore","Beyla",11,2020,5724
"1974","N'Zerekore","Beyla",11,2021,5814
"1975","N'Zerekore","Beyla",11,2022,7289
"1976","N'Zerekore","Beyla",12,2018,3145
"1977","N'Zerekore","Beyla",12,2019,4734
"1978","N'Zerekore","Beyla",12,2020,4740
"1979","N'Zerekore","Beyla",12,2021,5357
"1980","N'Zerekore","Beyla",12,2022,6621
"1981","N'Zerekore","Gueckedou",1,2018,4001
"1982","N'Zerekore","Gueckedou",1,2019,3333
"1983","N'Zerekore","Gueckedou",1,2020,4369
"1984","N'Zerekore","Gueckedou",1,2021,5220
"1985","N'Zerekore","Gueckedou",1,2022,8437
"1986","N'Zerekore","Gueckedou",2,2018,3817
"1987","N'Zerekore","Gueckedou",2,2019,3760
"1988","N'Zerekore","Gueckedou",2,2020,4444
"1989","N'Zerekore","Gueckedou",2,2021,4499
"1990","N'Zerekore","Gueckedou",2,2022,6094
"1991","N'Zerekore","Gueckedou",3,2018,4094
"1992","N'Zerekore","Gueckedou",3,2019,4230
"1993","N'Zerekore","Gueckedou",3,2020,4768
"1994","N'Zerekore","Gueckedou",3,2021,5555
"1995","N'Zerekore","Gueckedou",3,2022,6051
"1996","N'Zerekore","Gueckedou",4,2018,5742
"1997","N'Zerekore","Gueckedou",4,2019,4399
"1998","N'Zerekore","Gueckedou",4,2020,5005
"1999","N'Zerekore","Gueckedou",4,2021,6406
"2000","N'Zerekore","Gueckedou",4,2022,6639
"2001","N'Zerekore","Gueckedou",5,2018,5787
"2002","N'Zerekore","Gueckedou",5,2019,5834
"2003","N'Zerekore","Gueckedou",5,2020,6071
"2004","N'Zerekore","Gueckedou",5,2021,6793
"2005","N'Zerekore","Gueckedou",5,2022,7056
"2006","N'Zerekore","Gueckedou",6,2018,5119
"2007","N'Zerekore","Gueckedou",6,2019,5644
"2008","N'Zerekore","Gueckedou",6,2020,7074
"2009","N'Zerekore","Gueckedou",6,2021,6484
"2010","N'Zerekore","Gueckedou",6,2022,6939
"2011","N'Zerekore","Gueckedou",7,2018,5040
"2012","N'Zerekore","Gueckedou",7,2019,5396
"2013","N'Zerekore","Gueckedou",7,2020,5958
"2014","N'Zerekore","Gueckedou",7,2021,7778
"2015","N'Zerekore","Gueckedou",7,2022,6152
"2016","N'Zerekore","Gueckedou",8,2018,5100
"2017","N'Zerekore","Gueckedou",8,2019,4946
"2018","N'Zerekore","Gueckedou",8,2020,5092
"2019","N'Zerekore","Gueckedou",8,2021,6029
"2020","N'Zerekore","Gueckedou",8,2022,5411
"2021","N'Zerekore","Gueckedou",9,2018,4514
"2022","N'Zerekore","Gueckedou",9,2019,4345
"2023","N'Zerekore","Gueckedou",9,2020,4733
"2024","N'Zerekore","Gueckedou",9,2021,5168
"2025","N'Zerekore","Gueckedou",9,2022,6408
"2026","N'Zerekore","Gueckedou",10,2018,3623
"2027","N'Zerekore","Gueckedou",10,2019,4458
"2028","N'Zerekore","Gueckedou",10,2020,4613
"2029","N'Zerekore","Gueckedou",10,2021,5638
"2030","N'Zerekore","Gueckedou",10,2022,6761
"2031","N'Zerekore","Gueckedou",11,2018,4589
"2032","N'Zerekore","Gueckedou",11,2019,4717
"2033","N'Zerekore","Gueckedou",11,2020,5187
"2034","N'Zerekore","Gueckedou",11,2021,6176
"2035","N'Zerekore","Gueckedou",11,2022,7002
"2036","N'Zerekore","Gueckedou",12,2018,4474
"2037","N'Zerekore","Gueckedou",12,2019,4565
"2038","N'Zerekore","Gueckedou",12,2020,5157
"2039","N'Zerekore","Gueckedou",12,2021,6092
"2040","N'Zerekore","Gueckedou",12,2022,5779
"2041","N'Zerekore","Lola",1,2018,1256
"2042","N'Zerekore","Lola",1,2019,1659
"2043","N'Zerekore","Lola",1,2020,1529
"2044","N'Zerekore","Lola",1,2021,1751
"2045","N'Zerekore","Lola",1,2022,3275
"2046","N'Zerekore","Lola",2,2018,1075
"2047","N'Zerekore","Lola",2,2019,1062
"2048","N'Zerekore","Lola",2,2020,1428
"2049","N'Zerekore","Lola",2,2021,1582
"2050","N'Zerekore","Lola",2,2022,2580
"2051","N'Zerekore","Lola",3,2018,1633
"2052","N'Zerekore","Lola",3,2019,1465
"2053","N'Zerekore","Lola",3,2020,1532
"2054","N'Zerekore","Lola",3,2021,2293
"2055","N'Zerekore","Lola",3,2022,2996
"2056","N'Zerekore","Lola",4,2018,1883
"2057","N'Zerekore","Lola",4,2019,1717
"2058","N'Zerekore","Lola",4,2020,1906
"2059","N'Zerekore","Lola",4,2021,2262
"2060","N'Zerekore","Lola",4,2022,2973
"2061","N'Zerekore","Lola",5,2018,2155
"2062","N'Zerekore","Lola",5,2019,1999
"2063","N'Zerekore","Lola",5,2020,2425
"2064","N'Zerekore","Lola",5,2021,1965
"2065","N'Zerekore","Lola",5,2022,3718
"2066","N'Zerekore","Lola",6,2018,2071
"2067","N'Zerekore","Lola",6,2019,1809
"2068","N'Zerekore","Lola",6,2020,2118
"2069","N'Zerekore","Lola",6,2021,1978
"2070","N'Zerekore","Lola",6,2022,3498
"2071","N'Zerekore","Lola",7,2018,367
"2072","N'Zerekore","Lola",7,2019,1557
"2073","N'Zerekore","Lola",7,2020,1750
"2074","N'Zerekore","Lola",7,2021,1939
"2075","N'Zerekore","Lola",7,2022,3090
"2076","N'Zerekore","Lola",8,2018,1337
"2077","N'Zerekore","Lola",8,2019,1603
"2078","N'Zerekore","Lola",8,2020,1728
"2079","N'Zerekore","Lola",8,2021,1851
"2080","N'Zerekore","Lola",8,2022,3266
"2081","N'Zerekore","Lola",9,2018,1342
"2082","N'Zerekore","Lola",9,2019,1468
"2083","N'Zerekore","Lola",9,2020,1781
"2084","N'Zerekore","Lola",9,2021,1985
"2085","N'Zerekore","Lola",9,2022,3858
"2086","N'Zerekore","Lola",10,2018,1018
"2087","N'Zerekore","Lola",10,2019,1624
"2088","N'Zerekore","Lola",10,2020,1688
"2089","N'Zerekore","Lola",10,2021,1805
"2090","N'Zerekore","Lola",10,2022,3400
"2091","N'Zerekore","Lola",11,2018,527
"2092","N'Zerekore","Lola",11,2019,1584
"2093","N'Zerekore","Lola",11,2020,1754
"2094","N'Zerekore","Lola",11,2021,1877
"2095","N'Zerekore","Lola",11,2022,3638
"2096","N'Zerekore","Lola",12,2018,1679
"2097","N'Zerekore","Lola",12,2019,1864
"2098","N'Zerekore","Lola",12,2020,1428
"2099","N'Zerekore","Lola",12,2021,1554
"2100","N'Zerekore","Lola",12,2022,2930
"2101","N'Zerekore","Macenta",1,2018,1778
"2102","N'Zerekore","Macenta",1,2019,1983
"2103","N'Zerekore","Macenta",1,2020,3129
"2104","N'Zerekore","Macenta",1,2021,3855
"2105","N'Zerekore","Macenta",1,2022,7496
"2106","N'Zerekore","Macenta",2,2018,1580
"2107","N'Zerekore","Macenta",2,2019,1936
"2108","N'Zerekore","Macenta",2,2020,2647
"2109","N'Zerekore","Macenta",2,2021,4118
"2110","N'Zerekore","Macenta",2,2022,5636
"2111","N'Zerekore","Macenta",3,2018,1963
"2112","N'Zerekore","Macenta",3,2019,2200
"2113","N'Zerekore","Macenta",3,2020,2869
"2114","N'Zerekore","Macenta",3,2021,4515
"2115","N'Zerekore","Macenta",3,2022,5769
"2116","N'Zerekore","Macenta",4,2018,3609
"2117","N'Zerekore","Macenta",4,2019,2519
"2118","N'Zerekore","Macenta",4,2020,3375
"2119","N'Zerekore","Macenta",4,2021,4365
"2120","N'Zerekore","Macenta",4,2022,6706
"2121","N'Zerekore","Macenta",5,2018,3697
"2122","N'Zerekore","Macenta",5,2019,4018
"2123","N'Zerekore","Macenta",5,2020,4550
"2124","N'Zerekore","Macenta",5,2021,5876
"2125","N'Zerekore","Macenta",5,2022,8352
"2126","N'Zerekore","Macenta",6,2018,3801
"2127","N'Zerekore","Macenta",6,2019,3955
"2128","N'Zerekore","Macenta",6,2020,5277
"2129","N'Zerekore","Macenta",6,2021,5810
"2130","N'Zerekore","Macenta",6,2022,7543
"2131","N'Zerekore","Macenta",7,2018,3345
"2132","N'Zerekore","Macenta",7,2019,3737
"2133","N'Zerekore","Macenta",7,2020,3719
"2134","N'Zerekore","Macenta",7,2021,6196
"2135","N'Zerekore","Macenta",7,2022,7761
"2136","N'Zerekore","Macenta",8,2018,2682
"2137","N'Zerekore","Macenta",8,2019,3790
"2138","N'Zerekore","Macenta",8,2020,3908
"2139","N'Zerekore","Macenta",8,2021,5967
"2140","N'Zerekore","Macenta",8,2022,7338
"2141","N'Zerekore","Macenta",9,2018,2533
"2142","N'Zerekore","Macenta",9,2019,3020
"2143","N'Zerekore","Macenta",9,2020,3799
"2144","N'Zerekore","Macenta",9,2021,5138
"2145","N'Zerekore","Macenta",9,2022,7111
"2146","N'Zerekore","Macenta",10,2018,2568
"2147","N'Zerekore","Macenta",10,2019,3172
"2148","N'Zerekore","Macenta",10,2020,2839
"2149","N'Zerekore","Macenta",10,2021,5094
"2150","N'Zerekore","Macenta",10,2022,6528
"2151","N'Zerekore","Macenta",11,2018,3125
"2152","N'Zerekore","Macenta",11,2019,3816
"2153","N'Zerekore","Macenta",11,2020,4163
"2154","N'Zerekore","Macenta",11,2021,5428
"2155","N'Zerekore","Macenta",11,2022,7832
"2156","N'Zerekore","Macenta",12,2018,2286
"2157","N'Zerekore","Macenta",12,2019,3820
"2158","N'Zerekore","Macenta",12,2020,4098
"2159","N'Zerekore","Macenta",12,2021,4913
"2160","N'Zerekore","Macenta",12,2022,5827
"2161","N'Zerekore","N'Zerekore",1,2018,3585
"2162","N'Zerekore","N'Zerekore",1,2019,4128
"2163","N'Zerekore","N'Zerekore",1,2020,8702
"2164","N'Zerekore","N'Zerekore",1,2021,8192
"2165","N'Zerekore","N'Zerekore",1,2022,8693
"2166","N'Zerekore","N'Zerekore",2,2018,3394
"2167","N'Zerekore","N'Zerekore",2,2019,5198
"2168","N'Zerekore","N'Zerekore",2,2020,6704
"2169","N'Zerekore","N'Zerekore",2,2021,8392
"2170","N'Zerekore","N'Zerekore",2,2022,10667
"2171","N'Zerekore","N'Zerekore",3,2018,5153
"2172","N'Zerekore","N'Zerekore",3,2019,5694
"2173","N'Zerekore","N'Zerekore",3,2020,7580
"2174","N'Zerekore","N'Zerekore",3,2021,8130
"2175","N'Zerekore","N'Zerekore",3,2022,10489
"2176","N'Zerekore","N'Zerekore",4,2018,5681
"2177","N'Zerekore","N'Zerekore",4,2019,6665
"2178","N'Zerekore","N'Zerekore",4,2020,6450
"2179","N'Zerekore","N'Zerekore",4,2021,6729
"2180","N'Zerekore","N'Zerekore",4,2022,9400
"2181","N'Zerekore","N'Zerekore",5,2018,6942
"2182","N'Zerekore","N'Zerekore",5,2019,7652
"2183","N'Zerekore","N'Zerekore",5,2020,8406
"2184","N'Zerekore","N'Zerekore",5,2021,8761
"2185","N'Zerekore","N'Zerekore",5,2022,14896
"2186","N'Zerekore","N'Zerekore",6,2018,5732
"2187","N'Zerekore","N'Zerekore",6,2019,8564
"2188","N'Zerekore","N'Zerekore",6,2020,7949
"2189","N'Zerekore","N'Zerekore",6,2021,9367
"2190","N'Zerekore","N'Zerekore",6,2022,9998
"2191","N'Zerekore","N'Zerekore",7,2018,4685
"2192","N'Zerekore","N'Zerekore",7,2019,7450
"2193","N'Zerekore","N'Zerekore",7,2020,7766
"2194","N'Zerekore","N'Zerekore",7,2021,9353
"2195","N'Zerekore","N'Zerekore",7,2022,9875
"2196","N'Zerekore","N'Zerekore",8,2018,5952
"2197","N'Zerekore","N'Zerekore",8,2019,7624
"2198","N'Zerekore","N'Zerekore",8,2020,8405
"2199","N'Zerekore","N'Zerekore",8,2021,8807
"2200","N'Zerekore","N'Zerekore",8,2022,9962
"2201","N'Zerekore","N'Zerekore",9,2018,6134
"2202","N'Zerekore","N'Zerekore",9,2019,8549
"2203","N'Zerekore","N'Zerekore",9,2020,6720
"2204","N'Zerekore","N'Zerekore",9,2021,8903
"2205","N'Zerekore","N'Zerekore",9,2022,13477
"2206","N'Zerekore","N'Zerekore",10,2018,5423
"2207","N'Zerekore","N'Zerekore",10,2019,8619
"2208","N'Zerekore","N'Zerekore",10,2020,7775
"2209","N'Zerekore","N'Zerekore",10,2021,8302
"2210","N'Zerekore","N'Zerekore",10,2022,15049
"2211","N'Zerekore","N'Zerekore",11,2018,4970
"2212","N'Zerekore","N'Zerekore",11,2019,9628
"2213","N'Zerekore","N'Zerekore",11,2020,7402
"2214","N'Zerekore","N'Zerekore",11,2021,9936
"2215","N'Zerekore","N'Zerekore",11,2022,15351
"2216","N'Zerekore","N'Zerekore",12,2018,4988
"2217","N'Zerekore","N'Zerekore",12,2019,9110
"2218","N'Zerekore","N'Zerekore",12,2020,7676
"2219","N'Zerekore","N'Zerekore",12,2021,8654
"2220","N'Zerekore","N'Zerekore",12,2022,10777
"2221","N'Zerekore","Yomou",1,2018,2046
"2222","N'Zerekore","Yomou",1,2019,2102
"2223","N'Zerekore","Yomou",1,2020,2415
"2224","N'Zerekore","Yomou",1,2021,3814
"2225","N'Zerekore","Yomou",1,2022,4610
"2226","N'Zerekore","Yomou",2,2018,1917
"2227","N'Zerekore","Yomou",2,2019,2126
"2228","N'Zerekore","Yomou",2,2020,2233
"2229","N'Zerekore","Yomou",2,2021,2743
"2230","N'Zerekore","Yomou",2,2022,4523
"2231","N'Zerekore","Yomou",3,2018,2559
"2232","N'Zerekore","Yomou",3,2019,2254
"2233","N'Zerekore","Yomou",3,2020,2511
"2234","N'Zerekore","Yomou",3,2021,3670
"2235","N'Zerekore","Yomou",3,2022,4355
"2236","N'Zerekore","Yomou",4,2018,3912
"2237","N'Zerekore","Yomou",4,2019,3375
"2238","N'Zerekore","Yomou",4,2020,3283
"2239","N'Zerekore","Yomou",4,2021,4221
"2240","N'Zerekore","Yomou",4,2022,4991
"2241","N'Zerekore","Yomou",5,2018,3728
"2242","N'Zerekore","Yomou",5,2019,3396
"2243","N'Zerekore","Yomou",5,2020,3675
"2244","N'Zerekore","Yomou",5,2021,4134
"2245","N'Zerekore","Yomou",5,2022,5008
"2246","N'Zerekore","Yomou",6,2018,3422
"2247","N'Zerekore","Yomou",6,2019,2976
"2248","N'Zerekore","Yomou",6,2020,3732
"2249","N'Zerekore","Yomou",6,2021,3481
"2250","N'Zerekore","Yomou",6,2022,4589
"2251","N'Zerekore","Yomou",7,2018,2955
"2252","N'Zerekore","Yomou",7,2019,3058
"2253","N'Zerekore","Yomou",7,2020,3733
"2254","N'Zerekore","Yomou",7,2021,4547
"2255","N'Zerekore","Yomou",7,2022,4163
"2256","N'Zerekore","Yomou",8,2018,2982
"2257","N'Zerekore","Yomou",8,2019,2936
"2258","N'Zerekore","Yomou",8,2020,3741
"2259","N'Zerekore","Yomou",8,2021,3785
"2260","N'Zerekore","Yomou",8,2022,4505
"2261","N'Zerekore","Yomou",9,2018,2807
"2262","N'Zerekore","Yomou",9,2019,2904
"2263","N'Zerekore","Yomou",9,2020,3305
"2264","N'Zerekore","Yomou",9,2021,3740
"2265","N'Zerekore","Yomou",9,2022,5872
"2266","N'Zerekore","Yomou",10,2018,2480
"2267","N'Zerekore","Yomou",10,2019,3052
"2268","N'Zerekore","Yomou",10,2020,3006
"2269","N'Zerekore","Yomou",10,2021,3401
"2270","N'Zerekore","Yomou",10,2022,5970
"2271","N'Zerekore","Yomou",11,2018,2353
"2272","N'Zerekore","Yomou",11,2019,2558
"2273","N'Zerekore","Yomou",11,2020,3165
"2274","N'Zerekore","Yomou",11,2021,3657
"2275","N'Zerekore","Yomou",11,2022,5647
"2276","N'Zerekore","Yomou",12,2018,2301
"2277","N'Zerekore","Yomou",12,2019,2363
"2278","N'Zerekore","Yomou",12,2020,2681
"2279","N'Zerekore","Yomou",12,2021,3190
"2280","N'Zerekore","Yomou",12,2022,4164
